Województwo;Rok;Zmienna;Wartoœæ
OGÓ£EM  KRAJ;2015;Moc zainstalowana elektryczna: ogó³em (MW);40384,105
OGÓ£EM  KRAJ;2015;Moc zainstalowana elektryczna: OZE (w tym elektrownie wodne z cz³onami pompowymi) (MW);7091,66
OGÓ£EM  KRAJ;2015;Moc osi¹galna elektryczna: ogó³em (MW);39984,087
OGÓ£EM  KRAJ;2015;Moc osi¹galna elektryczna: OZE (w tym elektrownie wodne z cz³onami pompowymi) (MW);6986,06
OGÓ£EM  KRAJ;2015;Produkcja energii elektrycznej: ogó³em (GWh);164944,3743
OGÓ£EM  KRAJ;2015;"Produkcja energii elektrycznej: OZE (w tym elektrownie wodne z cz³onami pompowymi; ³¹cznie ze wspó³spalaniem) (GWh)";22675,4
OGÓ£EM  KRAJ;2016;Moc zainstalowana elektryczna: ogó³em (MW);41265,82
OGÓ£EM  KRAJ;2016;Moc zainstalowana elektryczna: OZE (w tym elektrownie wodne z cz³onami pompowymi) (MW);8036,22
OGÓ£EM  KRAJ;2016;Moc osi¹galna elektryczna: ogó³em (MW);40923,69
OGÓ£EM  KRAJ;2016;Moc osi¹galna elektryczna: OZE (w tym elektrownie wodne z cz³onami pompowymi) (MW);7935,38
OGÓ£EM  KRAJ;2016;Produkcja energii elektrycznej: ogó³em (GWh);166651,7398
OGÓ£EM  KRAJ;2016;"Produkcja energii elektrycznej: OZE (w tym elektrownie wodne z cz³onami pompowymi; ³¹cznie ze wspó³spalaniem) (GWh)";22825,36
OGÓ£EM  KRAJ;2017;Moc zainstalowana elektryczna: ogó³em (MW);43507,29924
OGÓ£EM  KRAJ;2017;Moc zainstalowana elektryczna: OZE (w tym elektrownie wodne z cz³onami pompowymi) (MW);8208,79
OGÓ£EM  KRAJ;2017;Moc osi¹galna elektryczna: ogó³em (MW);42989,708
OGÓ£EM  KRAJ;2017;Moc osi¹galna elektryczna: OZE (w tym elektrownie wodne z cz³onami pompowymi) (MW);8033,51
OGÓ£EM  KRAJ;2017;Produkcja energii elektrycznej: ogó³em (GWh);170465,2281
OGÓ£EM  KRAJ;2017;"Produkcja energii elektrycznej: OZE (w tym elektrownie wodne z cz³onami pompowymi; ³¹cznie ze wspó³spalaniem) (GWh)";24050,02
OGÓ£EM  KRAJ;2018;Moc zainstalowana elektryczna: ogó³em (MW);44313,204
OGÓ£EM  KRAJ;2018;Moc zainstalowana elektryczna: OZE (w tym elektrownie wodne z cz³onami pompowymi) (MW);8508,21
OGÓ£EM  KRAJ;2018;Moc osi¹galna elektryczna: ogó³em (MW);43265,643
OGÓ£EM  KRAJ;2018;Moc osi¹galna elektryczna: OZE (w tym elektrownie wodne z cz³onami pompowymi) (MW);8330,7
OGÓ£EM  KRAJ;2018;Produkcja energii elektrycznej: ogó³em (GWh);170039,4609
OGÓ£EM  KRAJ;2018;"Produkcja energii elektrycznej: OZE (w tym elektrownie wodne z cz³onami pompowymi; ³¹cznie ze wspó³spalaniem) (GWh)";21579,69
OGÓ£EM  KRAJ;2019;Moc zainstalowana elektryczna: ogó³em (MW);47436,574
OGÓ£EM  KRAJ;2019;Moc zainstalowana elektryczna: OZE (w tym elektrownie wodne z cz³onami pompowymi) (MW);9578,72
OGÓ£EM  KRAJ;2019;Moc osi¹galna elektryczna: ogó³em (MW);46291,016
OGÓ£EM  KRAJ;2019;Moc osi¹galna elektryczna: OZE (w tym elektrownie wodne z cz³onami pompowymi) (MW);9399,8
OGÓ£EM  KRAJ;2019;Produkcja energii elektrycznej: ogó³em (GWh);163988,5456
OGÓ£EM  KRAJ;2019;"Produkcja energii elektrycznej: OZE (w tym elektrownie wodne z cz³onami pompowymi; ³¹cznie ze wspó³spalaniem) (GWh)";25353,99
OGÓ£EM  KRAJ;2020;Moc zainstalowana elektryczna: ogó³em (MW);51792,686
OGÓ£EM  KRAJ;2020;Moc zainstalowana elektryczna: OZE (w tym elektrownie wodne z cz³onami pompowymi) (MW);12505,17
OGÓ£EM  KRAJ;2020;Moc osi¹galna elektryczna: ogó³em (MW);49732,63
OGÓ£EM  KRAJ;2020;Moc osi¹galna elektryczna: OZE (w tym elektrownie wodne z cz³onami pompowymi) (MW);12309,86
OGÓ£EM  KRAJ;2020;Produkcja energii elektrycznej: ogó³em (GWh);157952,6881
OGÓ£EM  KRAJ;2020;"Produkcja energii elektrycznej: OZE (w tym elektrownie wodne z cz³onami pompowymi; ³¹cznie ze wspó³spalaniem) (GWh)";28226,56
OGÓ£EM  KRAJ;2021;Moc zainstalowana elektryczna: ogó³em (MW);56002,117
OGÓ£EM  KRAJ;2021;Moc zainstalowana elektryczna: OZE (w tym elektrownie wodne z cz³onami pompowymi) (MW);16920,531
OGÓ£EM  KRAJ;2021;Moc osi¹galna elektryczna: ogó³em (MW);53194,265
OGÓ£EM  KRAJ;2021;Moc osi¹galna elektryczna: OZE (w tym elektrownie wodne z cz³onami pompowymi) (MW);16437,849
OGÓ£EM  KRAJ;2021;Produkcja energii elektrycznej: ogó³em (GWh);179631,0529
OGÓ£EM  KRAJ;2021;"Produkcja energii elektrycznej: OZE (w tym elektrownie wodne z cz³onami pompowymi; ³¹cznie ze wspó³spalaniem) (GWh)";30460,70097
OGÓ£EM  KRAJ;2022;Moc zainstalowana elektryczna: ogó³em (MW);60423,16658
OGÓ£EM  KRAJ;2022;Moc zainstalowana elektryczna: OZE (w tym elektrownie wodne z cz³onami pompowymi) (MW);22809,992
OGÓ£EM  KRAJ;2022;Moc osi¹galna elektryczna: ogó³em (MW);58623,43758
OGÓ£EM  KRAJ;2022;Moc osi¹galna elektryczna: OZE (w tym elektrownie wodne z cz³onami pompowymi) (MW);22451,511
OGÓ£EM  KRAJ;2022;Produkcja energii elektrycznej: ogó³em (GWh);179747,8804
OGÓ£EM  KRAJ;2022;"Produkcja energii elektrycznej: OZE (w tym elektrownie wodne z cz³onami pompowymi; ³¹cznie ze wspó³spalaniem) (GWh)";37671,04077
OGÓ£EM  KRAJ;2023;Moc zainstalowana elektryczna: ogó³em (MW);66093,79278
OGÓ£EM  KRAJ;2023;Moc zainstalowana elektryczna: OZE (w tym elektrownie wodne z cz³onami pompowymi) (MW);28403,724
OGÓ£EM  KRAJ;2023;Moc osi¹galna elektryczna: ogó³em (MW);64187,21678
OGÓ£EM  KRAJ;2023;Moc osi¹galna elektryczna: OZE (w tym elektrownie wodne z cz³onami pompowymi) (MW);27924,793
OGÓ£EM  KRAJ;2023;Produkcja energii elektrycznej: ogó³em (GWh);167209,9966
OGÓ£EM  KRAJ;2023;"Produkcja energii elektrycznej: OZE (w tym elektrownie wodne z cz³onami pompowymi; ³¹cznie ze wspó³spalaniem) (GWh)";45801,10727
dolnoœl¹skie;2015;Moc zainstalowana elektryczna: ogó³em (MW);2388,149
dolnoœl¹skie;2015;Moc zainstalowana elektryczna: OZE (w tym elektrownie wodne z cz³onami pompowymi) (MW);269,9
dolnoœl¹skie;2015;Moc osi¹galna elektryczna: ogó³em (MW);2363,399
dolnoœl¹skie;2015;Moc osi¹galna elektryczna: OZE (w tym elektrownie wodne z cz³onami pompowymi) (MW);265,68
dolnoœl¹skie;2015;Produkcja energii elektrycznej: ogó³em (GWh);10763,0411
dolnoœl¹skie;2015;"Produkcja energii elektrycznej: OZE (w tym elektrownie wodne z cz³onami pompowymi; ³¹cznie ze wspó³spalaniem) (GWh)";1012,99
dolnoœl¹skie;2016;Moc zainstalowana elektryczna: ogó³em (MW);2401,624
dolnoœl¹skie;2016;Moc zainstalowana elektryczna: OZE (w tym elektrownie wodne z cz³onami pompowymi) (MW);274,2
dolnoœl¹skie;2016;Moc osi¹galna elektryczna: ogó³em (MW);2369,433
dolnoœl¹skie;2016;Moc osi¹galna elektryczna: OZE (w tym elektrownie wodne z cz³onami pompowymi) (MW);268,95
dolnoœl¹skie;2016;Produkcja energii elektrycznej: ogó³em (GWh);10944,64873
dolnoœl¹skie;2016;"Produkcja energii elektrycznej: OZE (w tym elektrownie wodne z cz³onami pompowymi; ³¹cznie ze wspó³spalaniem) (GWh)";708,16
dolnoœl¹skie;2017;Moc zainstalowana elektryczna: ogó³em (MW);2412,144111
dolnoœl¹skie;2017;Moc zainstalowana elektryczna: OZE (w tym elektrownie wodne z cz³onami pompowymi) (MW);282,93
dolnoœl¹skie;2017;Moc osi¹galna elektryczna: ogó³em (MW);2379,547
dolnoœl¹skie;2017;Moc osi¹galna elektryczna: OZE (w tym elektrownie wodne z cz³onami pompowymi) (MW);277,27
dolnoœl¹skie;2017;Produkcja energii elektrycznej: ogó³em (GWh);10219,46148
dolnoœl¹skie;2017;"Produkcja energii elektrycznej: OZE (w tym elektrownie wodne z cz³onami pompowymi; ³¹cznie ze wspó³spalaniem) (GWh)";803,45
dolnoœl¹skie;2018;Moc zainstalowana elektryczna: ogó³em (MW);2438,557
dolnoœl¹skie;2018;Moc zainstalowana elektryczna: OZE (w tym elektrownie wodne z cz³onami pompowymi) (MW);308,95
dolnoœl¹skie;2018;Moc osi¹galna elektryczna: ogó³em (MW);2407,827
dolnoœl¹skie;2018;Moc osi¹galna elektryczna: OZE (w tym elektrownie wodne z cz³onami pompowymi) (MW);305,15
dolnoœl¹skie;2018;Produkcja energii elektrycznej: ogó³em (GWh);9917,724053
dolnoœl¹skie;2018;"Produkcja energii elektrycznej: OZE (w tym elektrownie wodne z cz³onami pompowymi; ³¹cznie ze wspó³spalaniem) (GWh)";644,33
dolnoœl¹skie;2019;Moc zainstalowana elektryczna: ogó³em (MW);2541,133
dolnoœl¹skie;2019;Moc zainstalowana elektryczna: OZE (w tym elektrownie wodne z cz³onami pompowymi) (MW);384,06
dolnoœl¹skie;2019;Moc osi¹galna elektryczna: ogó³em (MW);2478,341
dolnoœl¹skie;2019;Moc osi¹galna elektryczna: OZE (w tym elektrownie wodne z cz³onami pompowymi) (MW);379,97
dolnoœl¹skie;2019;Produkcja energii elektrycznej: ogó³em (GWh);8513,223714
dolnoœl¹skie;2019;"Produkcja energii elektrycznej: OZE (w tym elektrownie wodne z cz³onami pompowymi; ³¹cznie ze wspó³spalaniem) (GWh)";769,65
dolnoœl¹skie;2020;Moc zainstalowana elektryczna: ogó³em (MW);2762,786
dolnoœl¹skie;2020;Moc zainstalowana elektryczna: OZE (w tym elektrownie wodne z cz³onami pompowymi) (MW);542,61
dolnoœl¹skie;2020;Moc osi¹galna elektryczna: ogó³em (MW);2670,336
dolnoœl¹skie;2020;Moc osi¹galna elektryczna: OZE (w tym elektrownie wodne z cz³onami pompowymi) (MW);537,06
dolnoœl¹skie;2020;Produkcja energii elektrycznej: ogó³em (GWh);8705,898945
dolnoœl¹skie;2020;"Produkcja energii elektrycznej: OZE (w tym elektrownie wodne z cz³onami pompowymi; ³¹cznie ze wspó³spalaniem) (GWh)";885,06
dolnoœl¹skie;2021;Moc zainstalowana elektryczna: ogó³em (MW);3668,045
dolnoœl¹skie;2021;Moc zainstalowana elektryczna: OZE (w tym elektrownie wodne z cz³onami pompowymi) (MW);891,255
dolnoœl¹skie;2021;Moc osi¹galna elektryczna: ogó³em (MW);3520,041
dolnoœl¹skie;2021;Moc osi¹galna elektryczna: OZE (w tym elektrownie wodne z cz³onami pompowymi) (MW);882,171
dolnoœl¹skie;2021;Produkcja energii elektrycznej: ogó³em (GWh);14500,26099
dolnoœl¹skie;2021;"Produkcja energii elektrycznej: OZE (w tym elektrownie wodne z cz³onami pompowymi; ³¹cznie ze wspó³spalaniem) (GWh)";1263,466951
Dolnoœl¹skie;2022;Moc zainstalowana elektryczna: ogó³em (MW);3952,638
Dolnoœl¹skie;2022;Moc zainstalowana elektryczna: OZE (w tym elektrownie wodne z cz³onami pompowymi) (MW);1180,297
Dolnoœl¹skie;2022;Moc osi¹galna elektryczna: ogó³em (MW);3809,895
Dolnoœl¹skie;2022;Moc osi¹galna elektryczna: OZE (w tym elektrownie wodne z cz³onami pompowymi) (MW);1175,672
Dolnoœl¹skie;2022;Produkcja energii elektrycznej: ogó³em (GWh);15527,64955
Dolnoœl¹skie;2022;"Produkcja energii elektrycznej: OZE (w tym elektrownie wodne z cz³onami pompowymi; ³¹cznie ze wspó³spalaniem) (GWh)";1592,222094
Dolnoœl¹skie;2023;Moc zainstalowana elektryczna: ogó³em (MW);4191,669
Dolnoœl¹skie;2023;Moc zainstalowana elektryczna: OZE (w tym elektrownie wodne z cz³onami pompowymi) (MW);1381,929
Dolnoœl¹skie;2023;Moc osi¹galna elektryczna: ogó³em (MW);4030,787
Dolnoœl¹skie;2023;Moc osi¹galna elektryczna: OZE (w tym elektrownie wodne z cz³onami pompowymi) (MW);1373,265
Dolnoœl¹skie;2023;Produkcja energii elektrycznej: ogó³em (GWh);13214,42172
Dolnoœl¹skie;2023;"Produkcja energii elektrycznej: OZE (w tym elektrownie wodne z cz³onami pompowymi; ³¹cznie ze wspó³spalaniem) (GWh)";1793,842985
kujawsko-pomorskie;2015;Moc zainstalowana elektryczna: ogó³em (MW);1541,858
kujawsko-pomorskie;2015;Moc zainstalowana elektryczna: OZE (w tym elektrownie wodne z cz³onami pompowymi) (MW);1006,86
kujawsko-pomorskie;2015;Moc osi¹galna elektryczna: ogó³em (MW);1377,875
kujawsko-pomorskie;2015;Moc osi¹galna elektryczna: OZE (w tym elektrownie wodne z cz³onami pompowymi) (MW);968,58
kujawsko-pomorskie;2015;Produkcja energii elektrycznej: ogó³em (GWh);3758,679
kujawsko-pomorskie;2015;"Produkcja energii elektrycznej: OZE (w tym elektrownie wodne z cz³onami pompowymi; ³¹cznie ze wspó³spalaniem) (GWh)";2558,21
kujawsko-pomorskie;2016;Moc zainstalowana elektryczna: ogó³em (MW);1544,827
kujawsko-pomorskie;2016;Moc zainstalowana elektryczna: OZE (w tym elektrownie wodne z cz³onami pompowymi) (MW);1029,73
kujawsko-pomorskie;2016;Moc osi¹galna elektryczna: ogó³em (MW);1411,217
kujawsko-pomorskie;2016;Moc osi¹galna elektryczna: OZE (w tym elektrownie wodne z cz³onami pompowymi) (MW);994,42
kujawsko-pomorskie;2016;Produkcja energii elektrycznej: ogó³em (GWh);5261,490632
kujawsko-pomorskie;2016;"Produkcja energii elektrycznej: OZE (w tym elektrownie wodne z cz³onami pompowymi; ³¹cznie ze wspó³spalaniem) (GWh)";3090,73
kujawsko-pomorskie;2017;Moc zainstalowana elektryczna: ogó³em (MW);2132,881133
kujawsko-pomorskie;2017;Moc zainstalowana elektryczna: OZE (w tym elektrownie wodne z cz³onami pompowymi) (MW);1040,81
kujawsko-pomorskie;2017;Moc osi¹galna elektryczna: ogó³em (MW);1983,257
kujawsko-pomorskie;2017;Moc osi¹galna elektryczna: OZE (w tym elektrownie wodne z cz³onami pompowymi) (MW);1004,53
kujawsko-pomorskie;2017;Produkcja energii elektrycznej: ogó³em (GWh);7203,00068
kujawsko-pomorskie;2017;"Produkcja energii elektrycznej: OZE (w tym elektrownie wodne z cz³onami pompowymi; ³¹cznie ze wspó³spalaniem) (GWh)";3699,69
kujawsko-pomorskie;2018;Moc zainstalowana elektryczna: ogó³em (MW);2078,684
kujawsko-pomorskie;2018;Moc zainstalowana elektryczna: OZE (w tym elektrownie wodne z cz³onami pompowymi) (MW);1048,94
kujawsko-pomorskie;2018;Moc osi¹galna elektryczna: ogó³em (MW);1975,384
kujawsko-pomorskie;2018;Moc osi¹galna elektryczna: OZE (w tym elektrownie wodne z cz³onami pompowymi) (MW);1012,59
kujawsko-pomorskie;2018;Produkcja energii elektrycznej: ogó³em (GWh);6798,79086
kujawsko-pomorskie;2018;"Produkcja energii elektrycznej: OZE (w tym elektrownie wodne z cz³onami pompowymi; ³¹cznie ze wspó³spalaniem) (GWh)";3311,23
kujawsko-pomorskie;2019;Moc zainstalowana elektryczna: ogó³em (MW);2139,878
kujawsko-pomorskie;2019;Moc zainstalowana elektryczna: OZE (w tym elektrownie wodne z cz³onami pompowymi) (MW);1109,78
kujawsko-pomorskie;2019;Moc osi¹galna elektryczna: ogó³em (MW);2040,264
kujawsko-pomorskie;2019;Moc osi¹galna elektryczna: OZE (w tym elektrownie wodne z cz³onami pompowymi) (MW);1074,17
kujawsko-pomorskie;2019;Produkcja energii elektrycznej: ogó³em (GWh);7739,765162
kujawsko-pomorskie;2019;"Produkcja energii elektrycznej: OZE (w tym elektrownie wodne z cz³onami pompowymi; ³¹cznie ze wspó³spalaniem) (GWh)";3520,75
kujawsko-pomorskie;2020;Moc zainstalowana elektryczna: ogó³em (MW);2282,543
kujawsko-pomorskie;2020;Moc zainstalowana elektryczna: OZE (w tym elektrownie wodne z cz³onami pompowymi) (MW);1249,43
kujawsko-pomorskie;2020;Moc osi¹galna elektryczna: ogó³em (MW);2179,563
kujawsko-pomorskie;2020;Moc osi¹galna elektryczna: OZE (w tym elektrownie wodne z cz³onami pompowymi) (MW);1211,45
kujawsko-pomorskie;2020;Produkcja energii elektrycznej: ogó³em (GWh);8135,390373
kujawsko-pomorskie;2020;"Produkcja energii elektrycznej: OZE (w tym elektrownie wodne z cz³onami pompowymi; ³¹cznie ze wspó³spalaniem) (GWh)";3694,01
kujawsko-pomorskie;2021;Moc zainstalowana elektryczna: ogó³em (MW);2535,169
kujawsko-pomorskie;2021;Moc zainstalowana elektryczna: OZE (w tym elektrownie wodne z cz³onami pompowymi) (MW);1498,491
kujawsko-pomorskie;2021;Moc osi¹galna elektryczna: ogó³em (MW);2450,948
kujawsko-pomorskie;2021;Moc osi¹galna elektryczna: OZE (w tym elektrownie wodne z cz³onami pompowymi) (MW);1479,17
kujawsko-pomorskie;2021;Produkcja energii elektrycznej: ogó³em (GWh);8147,24987
kujawsko-pomorskie;2021;"Produkcja energii elektrycznej: OZE (w tym elektrownie wodne z cz³onami pompowymi; ³¹cznie ze wspó³spalaniem) (GWh)";3795,55912
Kujawsko-Pomorskie;2022;Moc zainstalowana elektryczna: ogó³em (MW);2900,3898
Kujawsko-Pomorskie;2022;Moc zainstalowana elektryczna: OZE (w tym elektrownie wodne z cz³onami pompowymi) (MW);1831,701
Kujawsko-Pomorskie;2022;Moc osi¹galna elektryczna: ogó³em (MW);2820,9908
Kujawsko-Pomorskie;2022;Moc osi¹galna elektryczna: OZE (w tym elektrownie wodne z cz³onami pompowymi) (MW);1818,702
Kujawsko-Pomorskie;2022;Produkcja energii elektrycznej: ogó³em (GWh);7168,402856
Kujawsko-Pomorskie;2022;"Produkcja energii elektrycznej: OZE (w tym elektrownie wodne z cz³onami pompowymi; ³¹cznie ze wspó³spalaniem) (GWh)";3912,610362
Kujawsko-Pomorskie;2023;Moc zainstalowana elektryczna: ogó³em (MW);3271,992
Kujawsko-Pomorskie;2023;Moc zainstalowana elektryczna: OZE (w tym elektrownie wodne z cz³onami pompowymi) (MW);2200,768
Kujawsko-Pomorskie;2023;Moc osi¹galna elektryczna: ogó³em (MW);3182,41
Kujawsko-Pomorskie;2023;Moc osi¹galna elektryczna: OZE (w tym elektrownie wodne z cz³onami pompowymi) (MW);2177,386
Kujawsko-Pomorskie;2023;Produkcja energii elektrycznej: ogó³em (GWh);8390,260326
Kujawsko-Pomorskie;2023;"Produkcja energii elektrycznej: OZE (w tym elektrownie wodne z cz³onami pompowymi; ³¹cznie ze wspó³spalaniem) (GWh)";4442,803504
lubelskie;2015;Moc zainstalowana elektryczna: ogó³em (MW);480,038
lubelskie;2015;Moc zainstalowana elektryczna: OZE (w tym elektrownie wodne z cz³onami pompowymi) (MW);50,24
lubelskie;2015;Moc osi¹galna elektryczna: ogó³em (MW);452,378
lubelskie;2015;Moc osi¹galna elektryczna: OZE (w tym elektrownie wodne z cz³onami pompowymi) (MW);49,98
lubelskie;2015;Produkcja energii elektrycznej: ogó³em (GWh);1802,9972
lubelskie;2015;"Produkcja energii elektrycznej: OZE (w tym elektrownie wodne z cz³onami pompowymi; ³¹cznie ze wspó³spalaniem) (GWh)";95,19
lubelskie;2016;Moc zainstalowana elektryczna: ogó³em (MW);587,931
lubelskie;2016;Moc zainstalowana elektryczna: OZE (w tym elektrownie wodne z cz³onami pompowymi) (MW);188,13
lubelskie;2016;Moc osi¹galna elektryczna: ogó³em (MW);558,579
lubelskie;2016;Moc osi¹galna elektryczna: OZE (w tym elektrownie wodne z cz³onami pompowymi) (MW);186,18
lubelskie;2016;Produkcja energii elektrycznej: ogó³em (GWh);2375,997322
lubelskie;2016;"Produkcja energii elektrycznej: OZE (w tym elektrownie wodne z cz³onami pompowymi; ³¹cznie ze wspó³spalaniem) (GWh)";444,87
lubelskie;2017;Moc zainstalowana elektryczna: ogó³em (MW);595,325
lubelskie;2017;Moc zainstalowana elektryczna: OZE (w tym elektrownie wodne z cz³onami pompowymi) (MW);195,49
lubelskie;2017;Moc osi¹galna elektryczna: ogó³em (MW);565,774
lubelskie;2017;Moc osi¹galna elektryczna: OZE (w tym elektrownie wodne z cz³onami pompowymi) (MW);193,34
lubelskie;2017;Produkcja energii elektrycznej: ogó³em (GWh);2221,768042
lubelskie;2017;"Produkcja energii elektrycznej: OZE (w tym elektrownie wodne z cz³onami pompowymi; ³¹cznie ze wspó³spalaniem) (GWh)";521,12
lubelskie;2018;Moc zainstalowana elektryczna: ogó³em (MW);651,201
lubelskie;2018;Moc zainstalowana elektryczna: OZE (w tym elektrownie wodne z cz³onami pompowymi) (MW);212,86
lubelskie;2018;Moc osi¹galna elektryczna: ogó³em (MW);622,95
lubelskie;2018;Moc osi¹galna elektryczna: OZE (w tym elektrownie wodne z cz³onami pompowymi) (MW);210,81
lubelskie;2018;Produkcja energii elektrycznej: ogó³em (GWh);2066,761719
lubelskie;2018;"Produkcja energii elektrycznej: OZE (w tym elektrownie wodne z cz³onami pompowymi; ³¹cznie ze wspó³spalaniem) (GWh)";473,31
lubelskie;2019;Moc zainstalowana elektryczna: ogó³em (MW);712,537
lubelskie;2019;Moc zainstalowana elektryczna: OZE (w tym elektrownie wodne z cz³onami pompowymi) (MW);272,8
lubelskie;2019;Moc osi¹galna elektryczna: ogó³em (MW);682,672
lubelskie;2019;Moc osi¹galna elektryczna: OZE (w tym elektrownie wodne z cz³onami pompowymi) (MW);271,73
lubelskie;2019;Produkcja energii elektrycznej: ogó³em (GWh);2443,584159
lubelskie;2019;"Produkcja energii elektrycznej: OZE (w tym elektrownie wodne z cz³onami pompowymi; ³¹cznie ze wspó³spalaniem) (GWh)";567,84
lubelskie;2020;Moc zainstalowana elektryczna: ogó³em (MW);795,389
lubelskie;2020;Moc zainstalowana elektryczna: OZE (w tym elektrownie wodne z cz³onami pompowymi) (MW);391,69
lubelskie;2020;Moc osi¹galna elektryczna: ogó³em (MW);767,534
lubelskie;2020;Moc osi¹galna elektryczna: OZE (w tym elektrownie wodne z cz³onami pompowymi) (MW);390,83
lubelskie;2020;Produkcja energii elektrycznej: ogó³em (GWh);2723,776988
lubelskie;2020;"Produkcja energii elektrycznej: OZE (w tym elektrownie wodne z cz³onami pompowymi; ³¹cznie ze wspó³spalaniem) (GWh)";597,31
lubelskie;2021;Moc zainstalowana elektryczna: ogó³em (MW);1042,658
lubelskie;2021;Moc zainstalowana elektryczna: OZE (w tym elektrownie wodne z cz³onami pompowymi) (MW);638,256
lubelskie;2021;Moc osi¹galna elektryczna: ogó³em (MW);1014,803
lubelskie;2021;Moc osi¹galna elektryczna: OZE (w tym elektrownie wodne z cz³onami pompowymi) (MW);637,401
lubelskie;2021;Produkcja energii elektrycznej: ogó³em (GWh);2271,184966
lubelskie;2021;"Produkcja energii elektrycznej: OZE (w tym elektrownie wodne z cz³onami pompowymi; ³¹cznie ze wspó³spalaniem) (GWh)";689,763966
Lubelskie;2022;Moc zainstalowana elektryczna: ogó³em (MW);1360,58408
Lubelskie;2022;Moc zainstalowana elektryczna: OZE (w tym elektrownie wodne z cz³onami pompowymi) (MW);920,968
Lubelskie;2022;Moc osi¹galna elektryczna: ogó³em (MW);1328,42708
Lubelskie;2022;Moc osi¹galna elektryczna: OZE (w tym elektrownie wodne z cz³onami pompowymi) (MW);920,111
Lubelskie;2022;Produkcja energii elektrycznej: ogó³em (GWh);1901,51045
Lubelskie;2022;"Produkcja energii elektrycznej: OZE (w tym elektrownie wodne z cz³onami pompowymi; ³¹cznie ze wspó³spalaniem) (GWh)";981,13905
Lubelskie;2023;Moc zainstalowana elektryczna: ogó³em (MW);1800,31794
Lubelskie;2023;Moc zainstalowana elektryczna: OZE (w tym elektrownie wodne z cz³onami pompowymi) (MW);1358,102
Lubelskie;2023;Moc osi¹galna elektryczna: ogó³em (MW);1732,26694
Lubelskie;2023;Moc osi¹galna elektryczna: OZE (w tym elektrownie wodne z cz³onami pompowymi) (MW);1321,351
Lubelskie;2023;Produkcja energii elektrycznej: ogó³em (GWh);2950,459936
Lubelskie;2023;"Produkcja energii elektrycznej: OZE (w tym elektrownie wodne z cz³onami pompowymi; ³¹cznie ze wspó³spalaniem) (GWh)";1562,217572
lubuskie;2015;Moc zainstalowana elektryczna: ogó³em (MW);615,245
lubuskie;2015;Moc zainstalowana elektryczna: OZE (w tym elektrownie wodne z cz³onami pompowymi) (MW);265,95
lubuskie;2015;Moc osi¹galna elektryczna: ogó³em (MW);595,953
lubuskie;2015;Moc osi¹galna elektryczna: OZE (w tym elektrownie wodne z cz³onami pompowymi) (MW);264,05
lubuskie;2015;Produkcja energii elektrycznej: ogó³em (GWh);2502,8793
lubuskie;2015;"Produkcja energii elektrycznej: OZE (w tym elektrownie wodne z cz³onami pompowymi; ³¹cznie ze wspó³spalaniem) (GWh)";360,36
lubuskie;2016;Moc zainstalowana elektryczna: ogó³em (MW);667,114
lubuskie;2016;Moc zainstalowana elektryczna: OZE (w tym elektrownie wodne z cz³onami pompowymi) (MW);317,78
lubuskie;2016;Moc osi¹galna elektryczna: ogó³em (MW);647,822
lubuskie;2016;Moc osi¹galna elektryczna: OZE (w tym elektrownie wodne z cz³onami pompowymi) (MW);315,89
lubuskie;2016;Produkcja energii elektrycznej: ogó³em (GWh);2959,105613
lubuskie;2016;"Produkcja energii elektrycznej: OZE (w tym elektrownie wodne z cz³onami pompowymi; ³¹cznie ze wspó³spalaniem) (GWh)";631,72
lubuskie;2017;Moc zainstalowana elektryczna: ogó³em (MW);814,699
lubuskie;2017;Moc zainstalowana elektryczna: OZE (w tym elektrownie wodne z cz³onami pompowymi) (MW);320,44
lubuskie;2017;Moc osi¹galna elektryczna: ogó³em (MW);785,33
lubuskie;2017;Moc osi¹galna elektryczna: OZE (w tym elektrownie wodne z cz³onami pompowymi) (MW);316,22
lubuskie;2017;Produkcja energii elektrycznej: ogó³em (GWh);3321,354664
lubuskie;2017;"Produkcja energii elektrycznej: OZE (w tym elektrownie wodne z cz³onami pompowymi; ³¹cznie ze wspó³spalaniem) (GWh)";697,22
lubuskie;2018;Moc zainstalowana elektryczna: ogó³em (MW);813,622
lubuskie;2018;Moc zainstalowana elektryczna: OZE (w tym elektrownie wodne z cz³onami pompowymi) (MW);329,56
lubuskie;2018;Moc osi¹galna elektryczna: ogó³em (MW);795,253
lubuskie;2018;Moc osi¹galna elektryczna: OZE (w tym elektrownie wodne z cz³onami pompowymi) (MW);325,34
lubuskie;2018;Produkcja energii elektrycznej: ogó³em (GWh);3290,818327
lubuskie;2018;"Produkcja energii elektrycznej: OZE (w tym elektrownie wodne z cz³onami pompowymi; ³¹cznie ze wspó³spalaniem) (GWh)";655,1
lubuskie;2019;Moc zainstalowana elektryczna: ogó³em (MW);850,079
lubuskie;2019;Moc zainstalowana elektryczna: OZE (w tym elektrownie wodne z cz³onami pompowymi) (MW);358,12
lubuskie;2019;Moc osi¹galna elektryczna: ogó³em (MW);816,09
lubuskie;2019;Moc osi¹galna elektryczna: OZE (w tym elektrownie wodne z cz³onami pompowymi) (MW);353,88
lubuskie;2019;Produkcja energii elektrycznej: ogó³em (GWh);3375,792651
lubuskie;2019;"Produkcja energii elektrycznej: OZE (w tym elektrownie wodne z cz³onami pompowymi; ³¹cznie ze wspó³spalaniem) (GWh)";730,61
lubuskie;2020;Moc zainstalowana elektryczna: ogó³em (MW);926,752
lubuskie;2020;Moc zainstalowana elektryczna: OZE (w tym elektrownie wodne z cz³onami pompowymi) (MW);434,79
lubuskie;2020;Moc osi¹galna elektryczna: ogó³em (MW);892,709
lubuskie;2020;Moc osi¹galna elektryczna: OZE (w tym elektrownie wodne z cz³onami pompowymi) (MW);430,5
lubuskie;2020;Produkcja energii elektrycznej: ogó³em (GWh);3387,51282
lubuskie;2020;"Produkcja energii elektrycznej: OZE (w tym elektrownie wodne z cz³onami pompowymi; ³¹cznie ze wspó³spalaniem) (GWh)";762,25
lubuskie;2021;Moc zainstalowana elektryczna: ogó³em (MW);1157,388
lubuskie;2021;Moc zainstalowana elektryczna: OZE (w tym elektrownie wodne z cz³onami pompowymi) (MW);665,428
lubuskie;2021;Moc osi¹galna elektryczna: ogó³em (MW);908,311
lubuskie;2021;Moc osi¹galna elektryczna: OZE (w tym elektrownie wodne z cz³onami pompowymi) (MW);446,101
lubuskie;2021;Produkcja energii elektrycznej: ogó³em (GWh);3410,739538
lubuskie;2021;"Produkcja energii elektrycznej: OZE (w tym elektrownie wodne z cz³onami pompowymi; ³¹cznie ze wspó³spalaniem) (GWh)";873,097538
Lubuskie;2022;Moc zainstalowana elektryczna: ogó³em (MW);1355,423
Lubuskie;2022;Moc zainstalowana elektryczna: OZE (w tym elektrownie wodne z cz³onami pompowymi) (MW);863,37
Lubuskie;2022;Moc osi¹galna elektryczna: ogó³em (MW);1321,38
Lubuskie;2022;Moc osi¹galna elektryczna: OZE (w tym elektrownie wodne z cz³onami pompowymi) (MW);859,077
Lubuskie;2022;Produkcja energii elektrycznej: ogó³em (GWh);3340,569456
Lubuskie;2022;"Produkcja energii elektrycznej: OZE (w tym elektrownie wodne z cz³onami pompowymi; ³¹cznie ze wspó³spalaniem) (GWh)";1192,548836
Lubuskie;2023;Moc zainstalowana elektryczna: ogó³em (MW);1710,729
Lubuskie;2023;Moc zainstalowana elektryczna: OZE (w tym elektrownie wodne z cz³onami pompowymi) (MW);1212,676
Lubuskie;2023;Moc osi¹galna elektryczna: ogó³em (MW);1686,686
Lubuskie;2023;Moc osi¹galna elektryczna: OZE (w tym elektrownie wodne z cz³onami pompowymi) (MW);1208,383
Lubuskie;2023;Produkcja energii elektrycznej: ogó³em (GWh);4061,968443
Lubuskie;2023;"Produkcja energii elektrycznej: OZE (w tym elektrownie wodne z cz³onami pompowymi; ³¹cznie ze wspó³spalaniem) (GWh)";1460,242647
³ódzkie;2015;Moc zainstalowana elektryczna: ogó³em (MW);6249,031
³ódzkie;2015;Moc zainstalowana elektryczna: OZE (w tym elektrownie wodne z cz³onami pompowymi) (MW);518,83
³ódzkie;2015;Moc osi¹galna elektryczna: ogó³em (MW);6355,055
³ódzkie;2015;Moc osi¹galna elektryczna: OZE (w tym elektrownie wodne z cz³onami pompowymi) (MW);516,16
³ódzkie;2015;Produkcja energii elektrycznej: ogó³em (GWh);37206,6357
³ódzkie;2015;"Produkcja energii elektrycznej: OZE (w tym elektrownie wodne z cz³onami pompowymi; ³¹cznie ze wspó³spalaniem) (GWh)";1223,27
³ódzkie;2016;Moc zainstalowana elektryczna: ogó³em (MW);6384,012
³ódzkie;2016;Moc zainstalowana elektryczna: OZE (w tym elektrownie wodne z cz³onami pompowymi) (MW);653,81
³ódzkie;2016;Moc osi¹galna elektryczna: ogó³em (MW);6513,376
³ódzkie;2016;Moc osi¹galna elektryczna: OZE (w tym elektrownie wodne z cz³onami pompowymi) (MW);651,18
³ódzkie;2016;Produkcja energii elektrycznej: ogó³em (GWh);35761,39627
³ódzkie;2016;"Produkcja energii elektrycznej: OZE (w tym elektrownie wodne z cz³onami pompowymi; ³¹cznie ze wspó³spalaniem) (GWh)";1410,83
³ódzkie;2017;Moc zainstalowana elektryczna: ogó³em (MW);6411,913
³ódzkie;2017;Moc zainstalowana elektryczna: OZE (w tym elektrownie wodne z cz³onami pompowymi) (MW);677,48
³ódzkie;2017;Moc osi¹galna elektryczna: ogó³em (MW);6536,657
³ódzkie;2017;Moc osi¹galna elektryczna: OZE (w tym elektrownie wodne z cz³onami pompowymi) (MW);661,42
³ódzkie;2017;Produkcja energii elektrycznej: ogó³em (GWh);38446,71464
³ódzkie;2017;"Produkcja energii elektrycznej: OZE (w tym elektrownie wodne z cz³onami pompowymi; ³¹cznie ze wspó³spalaniem) (GWh)";1659,03
³ódzkie;2018;Moc zainstalowana elektryczna: ogó³em (MW);6434,072
³ódzkie;2018;Moc zainstalowana elektryczna: OZE (w tym elektrownie wodne z cz³onami pompowymi) (MW);708,98
³ódzkie;2018;Moc osi¹galna elektryczna: ogó³em (MW);6562,481
³ódzkie;2018;Moc osi¹galna elektryczna: OZE (w tym elektrownie wodne z cz³onami pompowymi) (MW);694,31
³ódzkie;2018;Produkcja energii elektrycznej: ogó³em (GWh);38641,04919
³ódzkie;2018;"Produkcja energii elektrycznej: OZE (w tym elektrownie wodne z cz³onami pompowymi; ³¹cznie ze wspó³spalaniem) (GWh)";1466,1
³ódzkie;2019;Moc zainstalowana elektryczna: ogó³em (MW);6499,409
³ódzkie;2019;Moc zainstalowana elektryczna: OZE (w tym elektrownie wodne z cz³onami pompowymi) (MW);768,74
³ódzkie;2019;Moc osi¹galna elektryczna: ogó³em (MW);6621,495
³ódzkie;2019;Moc osi¹galna elektryczna: OZE (w tym elektrownie wodne z cz³onami pompowymi) (MW);752,93
³ódzkie;2019;Produkcja energii elektrycznej: ogó³em (GWh);33257,05666
³ódzkie;2019;"Produkcja energii elektrycznej: OZE (w tym elektrownie wodne z cz³onami pompowymi; ³¹cznie ze wspó³spalaniem) (GWh)";1805,3
³ódzkie;2020;Moc zainstalowana elektryczna: ogó³em (MW);6654,848
³ódzkie;2020;Moc zainstalowana elektryczna: OZE (w tym elektrownie wodne z cz³onami pompowymi) (MW);926,56
³ódzkie;2020;Moc osi¹galna elektryczna: ogó³em (MW);6410,204
³ódzkie;2020;Moc osi¹galna elektryczna: OZE (w tym elektrownie wodne z cz³onami pompowymi) (MW);914,01
³ódzkie;2020;Produkcja energii elektrycznej: ogó³em (GWh);30561,37437
³ódzkie;2020;"Produkcja energii elektrycznej: OZE (w tym elektrownie wodne z cz³onami pompowymi; ³¹cznie ze wspó³spalaniem) (GWh)";1827,37
³ódzkie;2021;Moc zainstalowana elektryczna: ogó³em (MW);6658,534
³ódzkie;2021;Moc zainstalowana elektryczna: OZE (w tym elektrownie wodne z cz³onami pompowymi) (MW);1159,18
³ódzkie;2021;Moc osi¹galna elektryczna: ogó³em (MW);6638,09
³ódzkie;2021;Moc osi¹galna elektryczna: OZE (w tym elektrownie wodne z cz³onami pompowymi) (MW);1141,836
³ódzkie;2021;Produkcja energii elektrycznej: ogó³em (GWh);33679,92972
³ódzkie;2021;"Produkcja energii elektrycznej: OZE (w tym elektrownie wodne z cz³onami pompowymi; ³¹cznie ze wspó³spalaniem) (GWh)";1867,73972
£ódzkie;2022;Moc zainstalowana elektryczna: ogó³em (MW);7003,44968
£ódzkie;2022;Moc zainstalowana elektryczna: OZE (w tym elektrownie wodne z cz³onami pompowymi) (MW);1462,143
£ódzkie;2022;Moc osi¹galna elektryczna: ogó³em (MW);6949,43268
£ódzkie;2022;Moc osi¹galna elektryczna: OZE (w tym elektrownie wodne z cz³onami pompowymi) (MW);1438,926
£ódzkie;2022;Produkcja energii elektrycznej: ogó³em (GWh);35539,73868
£ódzkie;2022;"Produkcja energii elektrycznej: OZE (w tym elektrownie wodne z cz³onami pompowymi; ³¹cznie ze wspó³spalaniem) (GWh)";2229,976281
£ódzkie;2023;Moc zainstalowana elektryczna: ogó³em (MW);7779,68498
£ódzkie;2023;Moc zainstalowana elektryczna: OZE (w tym elektrownie wodne z cz³onami pompowymi) (MW);2264,108
£ódzkie;2023;Moc osi¹galna elektryczna: ogó³em (MW);7746,05798
£ódzkie;2023;Moc osi¹galna elektryczna: OZE (w tym elektrownie wodne z cz³onami pompowymi) (MW);2238,281
£ódzkie;2023;Produkcja energii elektrycznej: ogó³em (GWh);28094,91854
£ódzkie;2023;"Produkcja energii elektrycznej: OZE (w tym elektrownie wodne z cz³onami pompowymi; ³¹cznie ze wspó³spalaniem) (GWh)";2874,345373
ma³opolskie;2015;Moc zainstalowana elektryczna: ogó³em (MW);2068,997
ma³opolskie;2015;Moc zainstalowana elektryczna: OZE (w tym elektrownie wodne z cz³onami pompowymi) (MW);209,55
ma³opolskie;2015;Moc osi¹galna elektryczna: ogó³em (MW);1953,104
ma³opolskie;2015;Moc osi¹galna elektryczna: OZE (w tym elektrownie wodne z cz³onami pompowymi) (MW);208,66
ma³opolskie;2015;Produkcja energii elektrycznej: ogó³em (GWh);6621,0548
ma³opolskie;2015;"Produkcja energii elektrycznej: OZE (w tym elektrownie wodne z cz³onami pompowymi; ³¹cznie ze wspó³spalaniem) (GWh)";463,12
ma³opolskie;2016;Moc zainstalowana elektryczna: ogó³em (MW);1978,045
ma³opolskie;2016;Moc zainstalowana elektryczna: OZE (w tym elektrownie wodne z cz³onami pompowymi) (MW);219,78
ma³opolskie;2016;Moc osi¹galna elektryczna: ogó³em (MW);1861,656
ma³opolskie;2016;Moc osi¹galna elektryczna: OZE (w tym elektrownie wodne z cz³onami pompowymi) (MW);218,59
ma³opolskie;2016;Produkcja energii elektrycznej: ogó³em (GWh);6415,439597
ma³opolskie;2016;"Produkcja energii elektrycznej: OZE (w tym elektrownie wodne z cz³onami pompowymi; ³¹cznie ze wspó³spalaniem) (GWh)";491,09
ma³opolskie;2017;Moc zainstalowana elektryczna: ogó³em (MW);1921,377
ma³opolskie;2017;Moc zainstalowana elektryczna: OZE (w tym elektrownie wodne z cz³onami pompowymi) (MW);231,32
ma³opolskie;2017;Moc osi¹galna elektryczna: ogó³em (MW);1890,923
ma³opolskie;2017;Moc osi¹galna elektryczna: OZE (w tym elektrownie wodne z cz³onami pompowymi) (MW);230,67
ma³opolskie;2017;Produkcja energii elektrycznej: ogó³em (GWh);6244,770731
ma³opolskie;2017;"Produkcja energii elektrycznej: OZE (w tym elektrownie wodne z cz³onami pompowymi; ³¹cznie ze wspó³spalaniem) (GWh)";531,16
ma³opolskie;2018;Moc zainstalowana elektryczna: ogó³em (MW);1931,82
ma³opolskie;2018;Moc zainstalowana elektryczna: OZE (w tym elektrownie wodne z cz³onami pompowymi) (MW);239,44
ma³opolskie;2018;Moc osi¹galna elektryczna: ogó³em (MW);1911,926
ma³opolskie;2018;Moc osi¹galna elektryczna: OZE (w tym elektrownie wodne z cz³onami pompowymi) (MW);244,55
ma³opolskie;2018;Produkcja energii elektrycznej: ogó³em (GWh);5888,74106
ma³opolskie;2018;"Produkcja energii elektrycznej: OZE (w tym elektrownie wodne z cz³onami pompowymi; ³¹cznie ze wspó³spalaniem) (GWh)";413,05
ma³opolskie;2019;Moc zainstalowana elektryczna: ogó³em (MW);1997,951
ma³opolskie;2019;Moc zainstalowana elektryczna: OZE (w tym elektrownie wodne z cz³onami pompowymi) (MW);304,9
ma³opolskie;2019;Moc osi¹galna elektryczna: ogó³em (MW);1977,799
ma³opolskie;2019;Moc osi¹galna elektryczna: OZE (w tym elektrownie wodne z cz³onami pompowymi) (MW);309,67
ma³opolskie;2019;Produkcja energii elektrycznej: ogó³em (GWh);5146,12582
ma³opolskie;2019;"Produkcja energii elektrycznej: OZE (w tym elektrownie wodne z cz³onami pompowymi; ³¹cznie ze wspó³spalaniem) (GWh)";545,03
ma³opolskie;2020;Moc zainstalowana elektryczna: ogó³em (MW);2249,954
ma³opolskie;2020;Moc zainstalowana elektryczna: OZE (w tym elektrownie wodne z cz³onami pompowymi) (MW);522,3
ma³opolskie;2020;Moc osi¹galna elektryczna: ogó³em (MW);2184,297
ma³opolskie;2020;Moc osi¹galna elektryczna: OZE (w tym elektrownie wodne z cz³onami pompowymi) (MW);525,91
ma³opolskie;2020;Produkcja energii elektrycznej: ogó³em (GWh);4780,385698
ma³opolskie;2020;"Produkcja energii elektrycznej: OZE (w tym elektrownie wodne z cz³onami pompowymi; ³¹cznie ze wspó³spalaniem) (GWh)";697,5
ma³opolskie;2021;Moc zainstalowana elektryczna: ogó³em (MW);2596,148
ma³opolskie;2021;Moc zainstalowana elektryczna: OZE (w tym elektrownie wodne z cz³onami pompowymi) (MW);853,626
ma³opolskie;2021;Moc osi¹galna elektryczna: ogó³em (MW);2277,531
ma³opolskie;2021;Moc osi¹galna elektryczna: OZE (w tym elektrownie wodne z cz³onami pompowymi) (MW);856,932
ma³opolskie;2021;Produkcja energii elektrycznej: ogó³em (GWh);5494,020152
ma³opolskie;2021;"Produkcja energii elektrycznej: OZE (w tym elektrownie wodne z cz³onami pompowymi; ³¹cznie ze wspó³spalaniem) (GWh)";809,98507
Ma³opolskie;2022;Moc zainstalowana elektryczna: ogó³em (MW);2700,11614
Ma³opolskie;2022;Moc zainstalowana elektryczna: OZE (w tym elektrownie wodne z cz³onami pompowymi) (MW);1191,492
Ma³opolskie;2022;Moc osi¹galna elektryczna: ogó³em (MW);2619,79414
Ma³opolskie;2022;Moc osi¹galna elektryczna: OZE (w tym elektrownie wodne z cz³onami pompowymi) (MW);1194,39
Ma³opolskie;2022;Produkcja energii elektrycznej: ogó³em (GWh);5335,571835
Ma³opolskie;2022;"Produkcja energii elektrycznej: OZE (w tym elektrownie wodne z cz³onami pompowymi; ³¹cznie ze wspó³spalaniem) (GWh)";1098,133602
Ma³opolskie;2023;Moc zainstalowana elektryczna: ogó³em (MW);2920,971
Ma³opolskie;2023;Moc zainstalowana elektryczna: OZE (w tym elektrownie wodne z cz³onami pompowymi) (MW);1369,331
Ma³opolskie;2023;Moc osi¹galna elektryczna: ogó³em (MW);2846,071
Ma³opolskie;2023;Moc osi¹galna elektryczna: OZE (w tym elektrownie wodne z cz³onami pompowymi) (MW);1374,751
Ma³opolskie;2023;Produkcja energii elektrycznej: ogó³em (GWh);4856,052351
Ma³opolskie;2023;"Produkcja energii elektrycznej: OZE (w tym elektrownie wodne z cz³onami pompowymi; ³¹cznie ze wspó³spalaniem) (GWh)";1255,468578
mazowieckie;2015;Moc zainstalowana elektryczna: ogó³em (MW);5490,239
mazowieckie;2015;Moc zainstalowana elektryczna: OZE (w tym elektrownie wodne z cz³onami pompowymi) (MW);345
mazowieckie;2015;Moc osi¹galna elektryczna: ogó³em (MW);5471,429
mazowieckie;2015;Moc osi¹galna elektryczna: OZE (w tym elektrownie wodne z cz³onami pompowymi) (MW);344,69
mazowieckie;2015;Produkcja energii elektrycznej: ogó³em (GWh);23631,6104
mazowieckie;2015;"Produkcja energii elektrycznej: OZE (w tym elektrownie wodne z cz³onami pompowymi; ³¹cznie ze wspó³spalaniem) (GWh)";1872,14
mazowieckie;2016;Moc zainstalowana elektryczna: ogó³em (MW);5615,12
mazowieckie;2016;Moc zainstalowana elektryczna: OZE (w tym elektrownie wodne z cz³onami pompowymi) (MW);464,43
mazowieckie;2016;Moc osi¹galna elektryczna: ogó³em (MW);5632,31
mazowieckie;2016;Moc osi¹galna elektryczna: OZE (w tym elektrownie wodne z cz³onami pompowymi) (MW);464,12
mazowieckie;2016;Produkcja energii elektrycznej: ogó³em (GWh);24282,96959
mazowieckie;2016;"Produkcja energii elektrycznej: OZE (w tym elektrownie wodne z cz³onami pompowymi; ³¹cznie ze wspó³spalaniem) (GWh)";1437,35
mazowieckie;2017;Moc zainstalowana elektryczna: ogó³em (MW);6868,657
mazowieckie;2017;Moc zainstalowana elektryczna: OZE (w tym elektrownie wodne z cz³onami pompowymi) (MW);463,44
mazowieckie;2017;Moc osi¹galna elektryczna: ogó³em (MW);6795,917
mazowieckie;2017;Moc osi¹galna elektryczna: OZE (w tym elektrownie wodne z cz³onami pompowymi) (MW);460,31
mazowieckie;2017;Produkcja energii elektrycznej: ogó³em (GWh);24916,2461
mazowieckie;2017;"Produkcja energii elektrycznej: OZE (w tym elektrownie wodne z cz³onami pompowymi; ³¹cznie ze wspó³spalaniem) (GWh)";1656,7
mazowieckie;2018;Moc zainstalowana elektryczna: ogó³em (MW);7494,946
mazowieckie;2018;Moc zainstalowana elektryczna: OZE (w tym elektrownie wodne z cz³onami pompowymi) (MW);484,62
mazowieckie;2018;Moc osi¹galna elektryczna: ogó³em (MW);7421,676
mazowieckie;2018;Moc osi¹galna elektryczna: OZE (w tym elektrownie wodne z cz³onami pompowymi) (MW);480,97
mazowieckie;2018;Produkcja energii elektrycznej: ogó³em (GWh);30441,02385
mazowieckie;2018;"Produkcja energii elektrycznej: OZE (w tym elektrownie wodne z cz³onami pompowymi; ³¹cznie ze wspó³spalaniem) (GWh)";1450,2
mazowieckie;2019;Moc zainstalowana elektryczna: ogó³em (MW);7561,394
mazowieckie;2019;Moc zainstalowana elektryczna: OZE (w tym elektrownie wodne z cz³onami pompowymi) (MW);615,52
mazowieckie;2019;Moc osi¹galna elektryczna: ogó³em (MW);7531,62
mazowieckie;2019;Moc osi¹galna elektryczna: OZE (w tym elektrownie wodne z cz³onami pompowymi) (MW);609,73
mazowieckie;2019;Produkcja energii elektrycznej: ogó³em (GWh);32201,23872
mazowieckie;2019;"Produkcja energii elektrycznej: OZE (w tym elektrownie wodne z cz³onami pompowymi; ³¹cznie ze wspó³spalaniem) (GWh)";1748,57
mazowieckie;2020;Moc zainstalowana elektryczna: ogó³em (MW);7774,878
mazowieckie;2020;Moc zainstalowana elektryczna: OZE (w tym elektrownie wodne z cz³onami pompowymi) (MW);821,89
mazowieckie;2020;Moc osi¹galna elektryczna: ogó³em (MW);7748,248
mazowieckie;2020;Moc osi¹galna elektryczna: OZE (w tym elektrownie wodne z cz³onami pompowymi) (MW);819,75
mazowieckie;2020;Produkcja energii elektrycznej: ogó³em (GWh);30324,92236
mazowieckie;2020;"Produkcja energii elektrycznej: OZE (w tym elektrownie wodne z cz³onami pompowymi; ³¹cznie ze wspó³spalaniem) (GWh)";1984,14
mazowieckie;2021;Moc zainstalowana elektryczna: ogó³em (MW);8597,301
mazowieckie;2021;Moc zainstalowana elektryczna: OZE (w tym elektrownie wodne z cz³onami pompowymi) (MW);1196,48
mazowieckie;2021;Moc osi¹galna elektryczna: ogó³em (MW);8548,971
mazowieckie;2021;Moc osi¹galna elektryczna: OZE (w tym elektrownie wodne z cz³onami pompowymi) (MW);1194,336
mazowieckie;2021;Produkcja energii elektrycznej: ogó³em (GWh);32720,03958
mazowieckie;2021;"Produkcja energii elektrycznej: OZE (w tym elektrownie wodne z cz³onami pompowymi; ³¹cznie ze wspó³spalaniem) (GWh)";2011,108378
Mazowieckie;2022;Moc zainstalowana elektryczna: ogó³em (MW);9152,02926
Mazowieckie;2022;Moc zainstalowana elektryczna: OZE (w tym elektrownie wodne z cz³onami pompowymi) (MW);1681,597
Mazowieckie;2022;Moc osi¹galna elektryczna: ogó³em (MW);9091,62726
Mazowieckie;2022;Moc osi¹galna elektryczna: OZE (w tym elektrownie wodne z cz³onami pompowymi) (MW);1678,381
Mazowieckie;2022;Produkcja energii elektrycznej: ogó³em (GWh);33600,85468
Mazowieckie;2022;"Produkcja energii elektrycznej: OZE (w tym elektrownie wodne z cz³onami pompowymi; ³¹cznie ze wspó³spalaniem) (GWh)";2460,5621
Mazowieckie;2023;Moc zainstalowana elektryczna: ogó³em (MW);9277,36042
Mazowieckie;2023;Moc zainstalowana elektryczna: OZE (w tym elektrownie wodne z cz³onami pompowymi) (MW);1810,864
Mazowieckie;2023;Moc osi¹galna elektryczna: ogó³em (MW);9170,73542
Mazowieckie;2023;Moc osi¹galna elektryczna: OZE (w tym elektrownie wodne z cz³onami pompowymi) (MW);1807,425
Mazowieckie;2023;Produkcja energii elektrycznej: ogó³em (GWh);30094,21789
Mazowieckie;2023;"Produkcja energii elektrycznej: OZE (w tym elektrownie wodne z cz³onami pompowymi; ³¹cznie ze wspó³spalaniem) (GWh)";2946,480595
opolskie;2015;Moc zainstalowana elektryczna: ogó³em (MW);1984,229
opolskie;2015;Moc zainstalowana elektryczna: OZE (w tym elektrownie wodne z cz³onami pompowymi) (MW);175,55
opolskie;2015;Moc osi¹galna elektryczna: ogó³em (MW);2003,609
opolskie;2015;Moc osi¹galna elektryczna: OZE (w tym elektrownie wodne z cz³onami pompowymi) (MW);175,53
opolskie;2015;Produkcja energii elektrycznej: ogó³em (GWh);8278,6799
opolskie;2015;"Produkcja energii elektrycznej: OZE (w tym elektrownie wodne z cz³onami pompowymi; ³¹cznie ze wspó³spalaniem) (GWh)";628,16
opolskie;2016;Moc zainstalowana elektryczna: ogó³em (MW);1988,97
opolskie;2016;Moc zainstalowana elektryczna: OZE (w tym elektrownie wodne z cz³onami pompowymi) (MW);179,69
opolskie;2016;Moc osi¹galna elektryczna: ogó³em (MW);2008,35
opolskie;2016;Moc osi¹galna elektryczna: OZE (w tym elektrownie wodne z cz³onami pompowymi) (MW);179,67
opolskie;2016;Produkcja energii elektrycznej: ogó³em (GWh);8366,000546
opolskie;2016;"Produkcja energii elektrycznej: OZE (w tym elektrownie wodne z cz³onami pompowymi; ³¹cznie ze wspó³spalaniem) (GWh)";590,84
opolskie;2017;Moc zainstalowana elektryczna: ogó³em (MW);2014,968
opolskie;2017;Moc zainstalowana elektryczna: OZE (w tym elektrownie wodne z cz³onami pompowymi) (MW);179,75
opolskie;2017;Moc osi¹galna elektryczna: ogó³em (MW);2034,348
opolskie;2017;Moc osi¹galna elektryczna: OZE (w tym elektrownie wodne z cz³onami pompowymi) (MW);179,73
opolskie;2017;Produkcja energii elektrycznej: ogó³em (GWh);8600,674906
opolskie;2017;"Produkcja energii elektrycznej: OZE (w tym elektrownie wodne z cz³onami pompowymi; ³¹cznie ze wspó³spalaniem) (GWh)";469,78
opolskie;2018;Moc zainstalowana elektryczna: ogó³em (MW);2025,442
opolskie;2018;Moc zainstalowana elektryczna: OZE (w tym elektrownie wodne z cz³onami pompowymi) (MW);190,23
opolskie;2018;Moc osi¹galna elektryczna: ogó³em (MW);2045,479
opolskie;2018;Moc osi¹galna elektryczna: OZE (w tym elektrownie wodne z cz³onami pompowymi) (MW);190,36
opolskie;2018;Produkcja energii elektrycznej: ogó³em (GWh);10087,1985
opolskie;2018;"Produkcja energii elektrycznej: OZE (w tym elektrownie wodne z cz³onami pompowymi; ³¹cznie ze wspó³spalaniem) (GWh)";521,64
opolskie;2019;Moc zainstalowana elektryczna: ogó³em (MW);3973,038
opolskie;2019;Moc zainstalowana elektryczna: OZE (w tym elektrownie wodne z cz³onami pompowymi) (MW);221,37
opolskie;2019;Moc osi¹galna elektryczna: ogó³em (MW);3887,575
opolskie;2019;Moc osi¹galna elektryczna: OZE (w tym elektrownie wodne z cz³onami pompowymi) (MW);221,51
opolskie;2019;Produkcja energii elektrycznej: ogó³em (GWh);12445,83103
opolskie;2019;"Produkcja energii elektrycznej: OZE (w tym elektrownie wodne z cz³onami pompowymi; ³¹cznie ze wspó³spalaniem) (GWh)";499,52
opolskie;2020;Moc zainstalowana elektryczna: ogó³em (MW);4046,609
opolskie;2020;Moc zainstalowana elektryczna: OZE (w tym elektrownie wodne z cz³onami pompowymi) (MW);293,74
opolskie;2020;Moc osi¹galna elektryczna: ogó³em (MW);3959,946
opolskie;2020;Moc osi¹galna elektryczna: OZE (w tym elektrownie wodne z cz³onami pompowymi) (MW);293,88
opolskie;2020;Produkcja energii elektrycznej: ogó³em (GWh);13532,74467
opolskie;2020;"Produkcja energii elektrycznej: OZE (w tym elektrownie wodne z cz³onami pompowymi; ³¹cznie ze wspó³spalaniem) (GWh)";549,23
opolskie;2021;Moc zainstalowana elektryczna: ogó³em (MW);4165,296
opolskie;2021;Moc zainstalowana elektryczna: OZE (w tym elektrownie wodne z cz³onami pompowymi) (MW);405,116
opolskie;2021;Moc osi¹galna elektryczna: ogó³em (MW);4079,056
opolskie;2021;Moc osi¹galna elektryczna: OZE (w tym elektrownie wodne z cz³onami pompowymi) (MW);405,476
opolskie;2021;Produkcja energii elektrycznej: ogó³em (GWh);15393,47848
opolskie;2021;"Produkcja energii elektrycznej: OZE (w tym elektrownie wodne z cz³onami pompowymi; ³¹cznie ze wspó³spalaniem) (GWh)";607,484412
Opolskie;2022;Moc zainstalowana elektryczna: ogó³em (MW);4277,7678
Opolskie;2022;Moc zainstalowana elektryczna: OZE (w tym elektrownie wodne z cz³onami pompowymi) (MW);517,337
Opolskie;2022;Moc osi¹galna elektryczna: ogó³em (MW);4191,3048
Opolskie;2022;Moc osi¹galna elektryczna: OZE (w tym elektrownie wodne z cz³onami pompowymi) (MW);517,474
Opolskie;2022;Produkcja energii elektrycznej: ogó³em (GWh);12942,94038
Opolskie;2022;"Produkcja energii elektrycznej: OZE (w tym elektrownie wodne z cz³onami pompowymi; ³¹cznie ze wspó³spalaniem) (GWh)";725,602555
Opolskie;2023;Moc zainstalowana elektryczna: ogó³em (MW);4377,299
Opolskie;2023;Moc zainstalowana elektryczna: OZE (w tym elektrownie wodne z cz³onami pompowymi) (MW);609,946
Opolskie;2023;Moc osi¹galna elektryczna: ogó³em (MW);4290,636
Opolskie;2023;Moc osi¹galna elektryczna: OZE (w tym elektrownie wodne z cz³onami pompowymi) (MW);610,083
Opolskie;2023;Produkcja energii elektrycznej: ogó³em (GWh);12957,02238
Opolskie;2023;"Produkcja energii elektrycznej: OZE (w tym elektrownie wodne z cz³onami pompowymi; ³¹cznie ze wspó³spalaniem) (GWh)";802,885383
podkarpackie;2015;Moc zainstalowana elektryczna: ogó³em (MW);1050,48
podkarpackie;2015;Moc zainstalowana elektryczna: OZE (w tym elektrownie wodne z cz³onami pompowymi) (MW);424,89
podkarpackie;2015;Moc osi¹galna elektryczna: ogó³em (MW);1038,72
podkarpackie;2015;Moc osi¹galna elektryczna: OZE (w tym elektrownie wodne z cz³onami pompowymi) (MW);417,63
podkarpackie;2015;Produkcja energii elektrycznej: ogó³em (GWh);2897,2338
podkarpackie;2015;"Produkcja energii elektrycznej: OZE (w tym elektrownie wodne z cz³onami pompowymi; ³¹cznie ze wspó³spalaniem) (GWh)";574,1
podkarpackie;2016;Moc zainstalowana elektryczna: ogó³em (MW);1046,302
podkarpackie;2016;Moc zainstalowana elektryczna: OZE (w tym elektrownie wodne z cz³onami pompowymi) (MW);420,71
podkarpackie;2016;Moc osi¹galna elektryczna: ogó³em (MW);1034,533
podkarpackie;2016;Moc osi¹galna elektryczna: OZE (w tym elektrownie wodne z cz³onami pompowymi) (MW);413,44
podkarpackie;2016;Produkcja energii elektrycznej: ogó³em (GWh);2687,648607
podkarpackie;2016;"Produkcja energii elektrycznej: OZE (w tym elektrownie wodne z cz³onami pompowymi; ³¹cznie ze wspó³spalaniem) (GWh)";652,96
podkarpackie;2017;Moc zainstalowana elektryczna: ogó³em (MW);1072,131
podkarpackie;2017;Moc zainstalowana elektryczna: OZE (w tym elektrownie wodne z cz³onami pompowymi) (MW);451,15
podkarpackie;2017;Moc osi¹galna elektryczna: ogó³em (MW);1039,851
podkarpackie;2017;Moc osi¹galna elektryczna: OZE (w tym elektrownie wodne z cz³onami pompowymi) (MW);417,38
podkarpackie;2017;Produkcja energii elektrycznej: ogó³em (GWh);2627,105485
podkarpackie;2017;"Produkcja energii elektrycznej: OZE (w tym elektrownie wodne z cz³onami pompowymi; ³¹cznie ze wspó³spalaniem) (GWh)";675,37
podkarpackie;2018;Moc zainstalowana elektryczna: ogó³em (MW);1093,648
podkarpackie;2018;Moc zainstalowana elektryczna: OZE (w tym elektrownie wodne z cz³onami pompowymi) (MW);463,47
podkarpackie;2018;Moc osi¹galna elektryczna: ogó³em (MW);1060,143
podkarpackie;2018;Moc osi¹galna elektryczna: OZE (w tym elektrownie wodne z cz³onami pompowymi) (MW);429,87
podkarpackie;2018;Produkcja energii elektrycznej: ogó³em (GWh);2461,981732
podkarpackie;2018;"Produkcja energii elektrycznej: OZE (w tym elektrownie wodne z cz³onami pompowymi; ³¹cznie ze wspó³spalaniem) (GWh)";568,77
podkarpackie;2019;Moc zainstalowana elektryczna: ogó³em (MW);1175,689
podkarpackie;2019;Moc zainstalowana elektryczna: OZE (w tym elektrownie wodne z cz³onami pompowymi) (MW);543,84
podkarpackie;2019;Moc osi¹galna elektryczna: ogó³em (MW);1141,624
podkarpackie;2019;Moc osi¹galna elektryczna: OZE (w tym elektrownie wodne z cz³onami pompowymi) (MW);510,56
podkarpackie;2019;Produkcja energii elektrycznej: ogó³em (GWh);2740,139525
podkarpackie;2019;"Produkcja energii elektrycznej: OZE (w tym elektrownie wodne z cz³onami pompowymi; ³¹cznie ze wspó³spalaniem) (GWh)";658,89
podkarpackie;2020;Moc zainstalowana elektryczna: ogó³em (MW);1823,008
podkarpackie;2020;Moc zainstalowana elektryczna: OZE (w tym elektrownie wodne z cz³onami pompowymi) (MW);732,06
podkarpackie;2020;Moc osi¹galna elektryczna: ogó³em (MW);1798,228
podkarpackie;2020;Moc osi¹galna elektryczna: OZE (w tym elektrownie wodne z cz³onami pompowymi) (MW);698,96
podkarpackie;2020;Produkcja energii elektrycznej: ogó³em (GWh);3409,885362
podkarpackie;2020;"Produkcja energii elektrycznej: OZE (w tym elektrownie wodne z cz³onami pompowymi; ³¹cznie ze wspó³spalaniem) (GWh)";783,81
podkarpackie;2021;Moc zainstalowana elektryczna: ogó³em (MW);2028,805
podkarpackie;2021;Moc zainstalowana elektryczna: OZE (w tym elektrownie wodne z cz³onami pompowymi) (MW);933,376
podkarpackie;2021;Moc osi¹galna elektryczna: ogó³em (MW);1736,9
podkarpackie;2021;Moc osi¹galna elektryczna: OZE (w tym elektrownie wodne z cz³onami pompowymi) (MW);900,451
podkarpackie;2021;Produkcja energii elektrycznej: ogó³em (GWh);4338,724471
podkarpackie;2021;"Produkcja energii elektrycznej: OZE (w tym elektrownie wodne z cz³onami pompowymi; ³¹cznie ze wspó³spalaniem) (GWh)";787,924361
Podkarpackie;2022;Moc zainstalowana elektryczna: ogó³em (MW);1862,98006
Podkarpackie;2022;Moc zainstalowana elektryczna: OZE (w tym elektrownie wodne z cz³onami pompowymi) (MW);1077,563
Podkarpackie;2022;Moc osi¹galna elektryczna: ogó³em (MW);1857,80006
Podkarpackie;2022;Moc osi¹galna elektryczna: OZE (w tym elektrownie wodne z cz³onami pompowymi) (MW);1076,463
Podkarpackie;2022;Produkcja energii elektrycznej: ogó³em (GWh);2157,371364
Podkarpackie;2022;"Produkcja energii elektrycznej: OZE (w tym elektrownie wodne z cz³onami pompowymi; ³¹cznie ze wspó³spalaniem) (GWh)";1067,537175
Podkarpackie;2023;Moc zainstalowana elektryczna: ogó³em (MW);2083,767
Podkarpackie;2023;Moc zainstalowana elektryczna: OZE (w tym elektrownie wodne z cz³onami pompowymi) (MW);1298,378
Podkarpackie;2023;Moc osi¹galna elektryczna: ogó³em (MW);2076,887
Podkarpackie;2023;Moc osi¹galna elektryczna: OZE (w tym elektrownie wodne z cz³onami pompowymi) (MW);1297,278
Podkarpackie;2023;Produkcja energii elektrycznej: ogó³em (GWh);3487,158493
Podkarpackie;2023;"Produkcja energii elektrycznej: OZE (w tym elektrownie wodne z cz³onami pompowymi; ³¹cznie ze wspó³spalaniem) (GWh)";888,723677
podlaskie;2015;Moc zainstalowana elektryczna: ogó³em (MW);446,428
podlaskie;2015;Moc zainstalowana elektryczna: OZE (w tym elektrownie wodne z cz³onami pompowymi) (MW);295,32
podlaskie;2015;Moc osi¹galna elektryczna: ogó³em (MW);399,228
podlaskie;2015;Moc osi¹galna elektryczna: OZE (w tym elektrownie wodne z cz³onami pompowymi) (MW);273,42
podlaskie;2015;Produkcja energii elektrycznej: ogó³em (GWh);1213,6582
podlaskie;2015;"Produkcja energii elektrycznej: OZE (w tym elektrownie wodne z cz³onami pompowymi; ³¹cznie ze wspó³spalaniem) (GWh)";850,73
podlaskie;2016;Moc zainstalowana elektryczna: ogó³em (MW);450,007
podlaskie;2016;Moc zainstalowana elektryczna: OZE (w tym elektrownie wodne z cz³onami pompowymi) (MW);304,3
podlaskie;2016;Moc osi¹galna elektryczna: ogó³em (MW);402,807
podlaskie;2016;Moc osi¹galna elektryczna: OZE (w tym elektrownie wodne z cz³onami pompowymi) (MW);282,4
podlaskie;2016;Produkcja energii elektrycznej: ogó³em (GWh);1226,9084
podlaskie;2016;"Produkcja energii elektrycznej: OZE (w tym elektrownie wodne z cz³onami pompowymi; ³¹cznie ze wspó³spalaniem) (GWh)";815,32
podlaskie;2017;Moc zainstalowana elektryczna: ogó³em (MW);460,112
podlaskie;2017;Moc zainstalowana elektryczna: OZE (w tym elektrownie wodne z cz³onami pompowymi) (MW);290,93
podlaskie;2017;Moc osi¹galna elektryczna: ogó³em (MW);412,912
podlaskie;2017;Moc osi¹galna elektryczna: OZE (w tym elektrownie wodne z cz³onami pompowymi) (MW);285,93
podlaskie;2017;Produkcja energii elektrycznej: ogó³em (GWh);1186,142821
podlaskie;2017;"Produkcja energii elektrycznej: OZE (w tym elektrownie wodne z cz³onami pompowymi; ³¹cznie ze wspó³spalaniem) (GWh)";648,97
podlaskie;2018;Moc zainstalowana elektryczna: ogó³em (MW);468,787
podlaskie;2018;Moc zainstalowana elektryczna: OZE (w tym elektrownie wodne z cz³onami pompowymi) (MW);297,61
podlaskie;2018;Moc osi¹galna elektryczna: ogó³em (MW);421,587
podlaskie;2018;Moc osi¹galna elektryczna: OZE (w tym elektrownie wodne z cz³onami pompowymi) (MW);292,51
podlaskie;2018;Produkcja energii elektrycznej: ogó³em (GWh);1051,207326
podlaskie;2018;"Produkcja energii elektrycznej: OZE (w tym elektrownie wodne z cz³onami pompowymi; ³¹cznie ze wspó³spalaniem) (GWh)";717,53
podlaskie;2019;Moc zainstalowana elektryczna: ogó³em (MW);530,297
podlaskie;2019;Moc zainstalowana elektryczna: OZE (w tym elektrownie wodne z cz³onami pompowymi) (MW);379,8
podlaskie;2019;Moc osi¹galna elektryczna: ogó³em (MW);482,597
podlaskie;2019;Moc osi¹galna elektryczna: OZE (w tym elektrownie wodne z cz³onami pompowymi) (MW);357,42
podlaskie;2019;Produkcja energii elektrycznej: ogó³em (GWh);1297,187244
podlaskie;2019;"Produkcja energii elektrycznej: OZE (w tym elektrownie wodne z cz³onami pompowymi; ³¹cznie ze wspó³spalaniem) (GWh)";975,61
podlaskie;2020;Moc zainstalowana elektryczna: ogó³em (MW);636,486
podlaskie;2020;Moc zainstalowana elektryczna: OZE (w tym elektrownie wodne z cz³onami pompowymi) (MW);485,99
podlaskie;2020;Moc osi¹galna elektryczna: ogó³em (MW);587,886
podlaskie;2020;Moc osi¹galna elektryczna: OZE (w tym elektrownie wodne z cz³onami pompowymi) (MW);463,51
podlaskie;2020;Produkcja energii elektrycznej: ogó³em (GWh);1306,661835
podlaskie;2020;"Produkcja energii elektrycznej: OZE (w tym elektrownie wodne z cz³onami pompowymi; ³¹cznie ze wspó³spalaniem) (GWh)";1047,56
podlaskie;2021;Moc zainstalowana elektryczna: ogó³em (MW);824,707
podlaskie;2021;Moc zainstalowana elektryczna: OZE (w tym elektrownie wodne z cz³onami pompowymi) (MW);676,209
podlaskie;2021;Moc osi¹galna elektryczna: ogó³em (MW);776,907
podlaskie;2021;Moc osi¹galna elektryczna: OZE (w tym elektrownie wodne z cz³onami pompowymi) (MW);653,729
podlaskie;2021;Produkcja energii elektrycznej: ogó³em (GWh);1445,576734
podlaskie;2021;"Produkcja energii elektrycznej: OZE (w tym elektrownie wodne z cz³onami pompowymi; ³¹cznie ze wspó³spalaniem) (GWh)";1068,516144
Podlaskie;2022;Moc zainstalowana elektryczna: ogó³em (MW);994,18716
Podlaskie;2022;Moc zainstalowana elektryczna: OZE (w tym elektrownie wodne z cz³onami pompowymi) (MW);841,818
Podlaskie;2022;Moc osi¹galna elektryczna: ogó³em (MW);946,18716
Podlaskie;2022;Moc osi¹galna elektryczna: OZE (w tym elektrownie wodne z cz³onami pompowymi) (MW);819,338
Podlaskie;2022;Produkcja energii elektrycznej: ogó³em (GWh);1605,707937
Podlaskie;2022;"Produkcja energii elektrycznej: OZE (w tym elektrownie wodne z cz³onami pompowymi; ³¹cznie ze wspó³spalaniem) (GWh)";1290,04277
Podlaskie;2023;Moc zainstalowana elektryczna: ogó³em (MW);1235,989
Podlaskie;2023;Moc zainstalowana elektryczna: OZE (w tym elektrownie wodne z cz³onami pompowymi) (MW);1082,541
Podlaskie;2023;Moc osi¹galna elektryczna: ogó³em (MW);1187,789
Podlaskie;2023;Moc osi¹galna elektryczna: OZE (w tym elektrownie wodne z cz³onami pompowymi) (MW);1060,061
Podlaskie;2023;Produkcja energii elektrycznej: ogó³em (GWh);2002,342407
Podlaskie;2023;"Produkcja energii elektrycznej: OZE (w tym elektrownie wodne z cz³onami pompowymi; ³¹cznie ze wspó³spalaniem) (GWh)";1709,64138
pomorskie;2015;Moc zainstalowana elektryczna: ogó³em (MW);1768,793
pomorskie;2015;Moc zainstalowana elektryczna: OZE (w tym elektrownie wodne z cz³onami pompowymi) (MW);569,19
pomorskie;2015;Moc osi¹galna elektryczna: ogó³em (MW);1789,357
pomorskie;2015;Moc osi¹galna elektryczna: OZE (w tym elektrownie wodne z cz³onami pompowymi) (MW);568,66
pomorskie;2015;Produkcja energii elektrycznej: ogó³em (GWh);4232,2908
pomorskie;2015;"Produkcja energii elektrycznej: OZE (w tym elektrownie wodne z cz³onami pompowymi; ³¹cznie ze wspó³spalaniem) (GWh)";1949,25
pomorskie;2016;Moc zainstalowana elektryczna: ogó³em (MW);1931,395
pomorskie;2016;Moc zainstalowana elektryczna: OZE (w tym elektrownie wodne z cz³onami pompowymi) (MW);733,9
pomorskie;2016;Moc osi¹galna elektryczna: ogó³em (MW);1950,049
pomorskie;2016;Moc osi¹galna elektryczna: OZE (w tym elektrownie wodne z cz³onami pompowymi) (MW);731,45
pomorskie;2016;Produkcja energii elektrycznej: ogó³em (GWh);4464,977143
pomorskie;2016;"Produkcja energii elektrycznej: OZE (w tym elektrownie wodne z cz³onami pompowymi; ³¹cznie ze wspó³spalaniem) (GWh)";2225,46
pomorskie;2017;Moc zainstalowana elektryczna: ogó³em (MW);1971,664
pomorskie;2017;Moc zainstalowana elektryczna: OZE (w tym elektrownie wodne z cz³onami pompowymi) (MW);738,06
pomorskie;2017;Moc osi¹galna elektryczna: ogó³em (MW);1943,738
pomorskie;2017;Moc osi¹galna elektryczna: OZE (w tym elektrownie wodne z cz³onami pompowymi) (MW);725,12
pomorskie;2017;Produkcja energii elektrycznej: ogó³em (GWh);4533,600519
pomorskie;2017;"Produkcja energii elektrycznej: OZE (w tym elektrownie wodne z cz³onami pompowymi; ³¹cznie ze wspó³spalaniem) (GWh)";2425,19
pomorskie;2018;Moc zainstalowana elektryczna: ogó³em (MW);1995,715
pomorskie;2018;Moc zainstalowana elektryczna: OZE (w tym elektrownie wodne z cz³onami pompowymi) (MW);762,05
pomorskie;2018;Moc osi¹galna elektryczna: ogó³em (MW);1965,762
pomorskie;2018;Moc osi¹galna elektryczna: OZE (w tym elektrownie wodne z cz³onami pompowymi) (MW);747,12
pomorskie;2018;Produkcja energii elektrycznej: ogó³em (GWh);4104,892099
pomorskie;2018;"Produkcja energii elektrycznej: OZE (w tym elektrownie wodne z cz³onami pompowymi; ³¹cznie ze wspó³spalaniem) (GWh)";2104,18
pomorskie;2019;Moc zainstalowana elektryczna: ogó³em (MW);2045,571
pomorskie;2019;Moc zainstalowana elektryczna: OZE (w tym elektrownie wodne z cz³onami pompowymi) (MW);811,74
pomorskie;2019;Moc osi¹galna elektryczna: ogó³em (MW);2021,722
pomorskie;2019;Moc osi¹galna elektryczna: OZE (w tym elektrownie wodne z cz³onami pompowymi) (MW);802,88
pomorskie;2019;Produkcja energii elektrycznej: ogó³em (GWh);4686,09209
pomorskie;2019;"Produkcja energii elektrycznej: OZE (w tym elektrownie wodne z cz³onami pompowymi; ³¹cznie ze wspó³spalaniem) (GWh)";2430,31
pomorskie;2020;Moc zainstalowana elektryczna: ogó³em (MW);2321,854
pomorskie;2020;Moc zainstalowana elektryczna: OZE (w tym elektrownie wodne z cz³onami pompowymi) (MW);1078,02
pomorskie;2020;Moc osi¹galna elektryczna: ogó³em (MW);2292,069
pomorskie;2020;Moc osi¹galna elektryczna: OZE (w tym elektrownie wodne z cz³onami pompowymi) (MW);1069,23
pomorskie;2020;Produkcja energii elektrycznej: ogó³em (GWh);5177,282444
pomorskie;2020;"Produkcja energii elektrycznej: OZE (w tym elektrownie wodne z cz³onami pompowymi; ³¹cznie ze wspó³spalaniem) (GWh)";2928,76
pomorskie;2021;Moc zainstalowana elektryczna: ogó³em (MW);2823,331
pomorskie;2021;Moc zainstalowana elektryczna: OZE (w tym elektrownie wodne z cz³onami pompowymi) (MW);1579,861
pomorskie;2021;Moc osi¹galna elektryczna: ogó³em (MW);2771,346
pomorskie;2021;Moc osi¹galna elektryczna: OZE (w tym elektrownie wodne z cz³onami pompowymi) (MW);1550,466
pomorskie;2021;Produkcja energii elektrycznej: ogó³em (GWh);5628,157982
pomorskie;2021;"Produkcja energii elektrycznej: OZE (w tym elektrownie wodne z cz³onami pompowymi; ³¹cznie ze wspó³spalaniem) (GWh)";3377,265043
Pomorskie;2022;Moc zainstalowana elektryczna: ogó³em (MW);3368,86512
Pomorskie;2022;Moc zainstalowana elektryczna: OZE (w tym elektrownie wodne z cz³onami pompowymi) (MW);2105,41
Pomorskie;2022;Moc osi¹galna elektryczna: ogó³em (MW);3257,46512
Pomorskie;2022;Moc osi¹galna elektryczna: OZE (w tym elektrownie wodne z cz³onami pompowymi) (MW);2018,4
Pomorskie;2022;Produkcja energii elektrycznej: ogó³em (GWh);6323,114098
Pomorskie;2022;"Produkcja energii elektrycznej: OZE (w tym elektrownie wodne z cz³onami pompowymi; ³¹cznie ze wspó³spalaniem) (GWh)";4037,364498
Pomorskie;2023;Moc zainstalowana elektryczna: ogó³em (MW);3658,44232
Pomorskie;2023;Moc zainstalowana elektryczna: OZE (w tym elektrownie wodne z cz³onami pompowymi) (MW);2396,679
Pomorskie;2023;Moc osi¹galna elektryczna: ogó³em (MW);3535,35732
Pomorskie;2023;Moc osi¹galna elektryczna: OZE (w tym elektrownie wodne z cz³onami pompowymi) (MW);2299,284
Pomorskie;2023;Produkcja energii elektrycznej: ogó³em (GWh);7003,612327
Pomorskie;2023;"Produkcja energii elektrycznej: OZE (w tym elektrownie wodne z cz³onami pompowymi; ³¹cznie ze wspó³spalaniem) (GWh)";4504,94088
œl¹skie;2015;Moc zainstalowana elektryczna: ogó³em (MW);7296,683
œl¹skie;2015;Moc zainstalowana elektryczna: OZE (w tym elektrownie wodne z cz³onami pompowymi) (MW);193,46
œl¹skie;2015;Moc osi¹galna elektryczna: ogó³em (MW);7214,846
œl¹skie;2015;Moc osi¹galna elektryczna: OZE (w tym elektrownie wodne z cz³onami pompowymi) (MW);188,42
œl¹skie;2015;Produkcja energii elektrycznej: ogó³em (GWh);27562,2422
œl¹skie;2015;"Produkcja energii elektrycznej: OZE (w tym elektrownie wodne z cz³onami pompowymi; ³¹cznie ze wspó³spalaniem) (GWh)";1597,46
œl¹skie;2016;Moc zainstalowana elektryczna: ogó³em (MW);7294,302
œl¹skie;2016;Moc zainstalowana elektryczna: OZE (w tym elektrownie wodne z cz³onami pompowymi) (MW);198,08
œl¹skie;2016;Moc osi¹galna elektryczna: ogó³em (MW);7189,996
œl¹skie;2016;Moc osi¹galna elektryczna: OZE (w tym elektrownie wodne z cz³onami pompowymi) (MW);196,07
œl¹skie;2016;Produkcja energii elektrycznej: ogó³em (GWh);27247,17739
œl¹skie;2016;"Produkcja energii elektrycznej: OZE (w tym elektrownie wodne z cz³onami pompowymi; ³¹cznie ze wspó³spalaniem) (GWh)";1118,01
œl¹skie;2017;Moc zainstalowana elektryczna: ogó³em (MW);7358,157
œl¹skie;2017;Moc zainstalowana elektryczna: OZE (w tym elektrownie wodne z cz³onami pompowymi) (MW);211,78
œl¹skie;2017;Moc osi¹galna elektryczna: ogó³em (MW);7218,65
œl¹skie;2017;Moc osi¹galna elektryczna: OZE (w tym elektrownie wodne z cz³onami pompowymi) (MW);206,9
œl¹skie;2017;Produkcja energii elektrycznej: ogó³em (GWh);27834,15031
œl¹skie;2017;"Produkcja energii elektrycznej: OZE (w tym elektrownie wodne z cz³onami pompowymi; ³¹cznie ze wspó³spalaniem) (GWh)";789,69
œl¹skie;2018;Moc zainstalowana elektryczna: ogó³em (MW);7306,605
œl¹skie;2018;Moc zainstalowana elektryczna: OZE (w tym elektrownie wodne z cz³onami pompowymi) (MW);234,3
œl¹skie;2018;Moc osi¹galna elektryczna: ogó³em (MW);7178,197
œl¹skie;2018;Moc osi¹galna elektryczna: OZE (w tym elektrownie wodne z cz³onami pompowymi) (MW);228,85
œl¹skie;2018;Produkcja energii elektrycznej: ogó³em (GWh);24905,92371
œl¹skie;2018;"Produkcja energii elektrycznej: OZE (w tym elektrownie wodne z cz³onami pompowymi; ³¹cznie ze wspó³spalaniem) (GWh)";765,61
œl¹skie;2019;Moc zainstalowana elektryczna: ogó³em (MW);7550,2
œl¹skie;2019;Moc zainstalowana elektryczna: OZE (w tym elektrownie wodne z cz³onami pompowymi) (MW);313,16
œl¹skie;2019;Moc osi¹galna elektryczna: ogó³em (MW);7432,774
œl¹skie;2019;Moc osi¹galna elektryczna: OZE (w tym elektrownie wodne z cz³onami pompowymi) (MW);310,41
œl¹skie;2019;Produkcja energii elektrycznej: ogó³em (GWh);21556,7536
œl¹skie;2019;"Produkcja energii elektrycznej: OZE (w tym elektrownie wodne z cz³onami pompowymi; ³¹cznie ze wspó³spalaniem) (GWh)";947,75
œl¹skie;2020;Moc zainstalowana elektryczna: ogó³em (MW);8693,52
œl¹skie;2020;Moc zainstalowana elektryczna: OZE (w tym elektrownie wodne z cz³onami pompowymi) (MW);567,78
œl¹skie;2020;Moc osi¹galna elektryczna: ogó³em (MW);8542,967
œl¹skie;2020;Moc osi¹galna elektryczna: OZE (w tym elektrownie wodne z cz³onami pompowymi) (MW);564,67
œl¹skie;2020;Produkcja energii elektrycznej: ogó³em (GWh);19847,32081
œl¹skie;2020;"Produkcja energii elektrycznej: OZE (w tym elektrownie wodne z cz³onami pompowymi; ³¹cznie ze wspó³spalaniem) (GWh)";1469,39
œl¹skie;2021;Moc zainstalowana elektryczna: ogó³em (MW);9110,243
œl¹skie;2021;Moc zainstalowana elektryczna: OZE (w tym elektrownie wodne z cz³onami pompowymi) (MW);1001,717
œl¹skie;2021;Moc osi¹galna elektryczna: ogó³em (MW);8490,365
œl¹skie;2021;Moc osi¹galna elektryczna: OZE (w tym elektrownie wodne z cz³onami pompowymi) (MW);991,681
œl¹skie;2021;Produkcja energii elektrycznej: ogó³em (GWh);24872,85508
œl¹skie;2021;"Produkcja energii elektrycznej: OZE (w tym elektrownie wodne z cz³onami pompowymi; ³¹cznie ze wspó³spalaniem) (GWh)";1664,881189
Œl¹skie;2022;Moc zainstalowana elektryczna: ogó³em (MW);8501,5307
Œl¹skie;2022;Moc zainstalowana elektryczna: OZE (w tym elektrownie wodne z cz³onami pompowymi) (MW);1376,661
Œl¹skie;2022;Moc osi¹galna elektryczna: ogó³em (MW);8332,4157
Œl¹skie;2022;Moc osi¹galna elektryczna: OZE (w tym elektrownie wodne z cz³onami pompowymi) (MW);1366,388
Œl¹skie;2022;Produkcja energii elektrycznej: ogó³em (GWh);23648,2726
Œl¹skie;2022;"Produkcja energii elektrycznej: OZE (w tym elektrownie wodne z cz³onami pompowymi; ³¹cznie ze wspó³spalaniem) (GWh)";2242,472542
Œl¹skie;2023;Moc zainstalowana elektryczna: ogó³em (MW);8958,142
Œl¹skie;2023;Moc zainstalowana elektryczna: OZE (w tym elektrownie wodne z cz³onami pompowymi) (MW);1782,527
Œl¹skie;2023;Moc osi¹galna elektryczna: ogó³em (MW);8780,637
Œl¹skie;2023;Moc osi¹galna elektryczna: OZE (w tym elektrownie wodne z cz³onami pompowymi) (MW);1765,161
Œl¹skie;2023;Produkcja energii elektrycznej: ogó³em (GWh);19620,90264
Œl¹skie;2023;"Produkcja energii elektrycznej: OZE (w tym elektrownie wodne z cz³onami pompowymi; ³¹cznie ze wspó³spalaniem) (GWh)";2308,781651
œwiêtokrzyskie;2015;Moc zainstalowana elektryczna: ogó³em (MW);1876,802
œwiêtokrzyskie;2015;Moc zainstalowana elektryczna: OZE (w tym elektrownie wodne z cz³onami pompowymi) (MW);254,55
œwiêtokrzyskie;2015;Moc osi¹galna elektryczna: ogó³em (MW);1916,302
œwiêtokrzyskie;2015;Moc osi¹galna elektryczna: OZE (w tym elektrownie wodne z cz³onami pompowymi) (MW);244,54
œwiêtokrzyskie;2015;Produkcja energii elektrycznej: ogó³em (GWh);9898,6325
œwiêtokrzyskie;2015;"Produkcja energii elektrycznej: OZE (w tym elektrownie wodne z cz³onami pompowymi; ³¹cznie ze wspó³spalaniem) (GWh)";2717,2
œwiêtokrzyskie;2016;Moc zainstalowana elektryczna: ogó³em (MW);1890,183
œwiêtokrzyskie;2016;Moc zainstalowana elektryczna: OZE (w tym elektrownie wodne z cz³onami pompowymi) (MW);270,22
œwiêtokrzyskie;2016;Moc osi¹galna elektryczna: ogó³em (MW);1935,183
œwiêtokrzyskie;2016;Moc osi¹galna elektryczna: OZE (w tym elektrownie wodne z cz³onami pompowymi) (MW);265,22
œwiêtokrzyskie;2016;Produkcja energii elektrycznej: ogó³em (GWh);11322,46011
œwiêtokrzyskie;2016;"Produkcja energii elektrycznej: OZE (w tym elektrownie wodne z cz³onami pompowymi; ³¹cznie ze wspó³spalaniem) (GWh)";2343,14
œwiêtokrzyskie;2017;Moc zainstalowana elektryczna: ogó³em (MW);1896,855
œwiêtokrzyskie;2017;Moc zainstalowana elektryczna: OZE (w tym elektrownie wodne z cz³onami pompowymi) (MW);276,98
œwiêtokrzyskie;2017;Moc osi¹galna elektryczna: ogó³em (MW);1941,855
œwiêtokrzyskie;2017;Moc osi¹galna elektryczna: OZE (w tym elektrownie wodne z cz³onami pompowymi) (MW);271,97
œwiêtokrzyskie;2017;Produkcja energii elektrycznej: ogó³em (GWh);10164,78204
œwiêtokrzyskie;2017;"Produkcja energii elektrycznej: OZE (w tym elektrownie wodne z cz³onami pompowymi; ³¹cznie ze wspó³spalaniem) (GWh)";2068,59
œwiêtokrzyskie;2018;Moc zainstalowana elektryczna: ogó³em (MW);1909,197
œwiêtokrzyskie;2018;Moc zainstalowana elektryczna: OZE (w tym elektrownie wodne z cz³onami pompowymi) (MW);289,31
œwiêtokrzyskie;2018;Moc osi¹galna elektryczna: ogó³em (MW);1954,197
œwiêtokrzyskie;2018;Moc osi¹galna elektryczna: OZE (w tym elektrownie wodne z cz³onami pompowymi) (MW);284,3
œwiêtokrzyskie;2018;Produkcja energii elektrycznej: ogó³em (GWh);11213,07816
œwiêtokrzyskie;2018;"Produkcja energii elektrycznej: OZE (w tym elektrownie wodne z cz³onami pompowymi; ³¹cznie ze wspó³spalaniem) (GWh)";1822,12
œwiêtokrzyskie;2019;Moc zainstalowana elektryczna: ogó³em (MW);1952,143
œwiêtokrzyskie;2019;Moc zainstalowana elektryczna: OZE (w tym elektrownie wodne z cz³onami pompowymi) (MW);332,05
œwiêtokrzyskie;2019;Moc osi¹galna elektryczna: ogó³em (MW);1997,143
œwiêtokrzyskie;2019;Moc osi¹galna elektryczna: OZE (w tym elektrownie wodne z cz³onami pompowymi) (MW);327,04
œwiêtokrzyskie;2019;Produkcja energii elektrycznej: ogó³em (GWh);9577,79121
œwiêtokrzyskie;2019;"Produkcja energii elektrycznej: OZE (w tym elektrownie wodne z cz³onami pompowymi; ³¹cznie ze wspó³spalaniem) (GWh)";2023,96
œwiêtokrzyskie;2020;Moc zainstalowana elektryczna: ogó³em (MW);2037,747
œwiêtokrzyskie;2020;Moc zainstalowana elektryczna: OZE (w tym elektrownie wodne z cz³onami pompowymi) (MW);417,56
œwiêtokrzyskie;2020;Moc osi¹galna elektryczna: ogó³em (MW);2082,647
œwiêtokrzyskie;2020;Moc osi¹galna elektryczna: OZE (w tym elektrownie wodne z cz³onami pompowymi) (MW);412,55
œwiêtokrzyskie;2020;Produkcja energii elektrycznej: ogó³em (GWh);7126,798204
œwiêtokrzyskie;2020;"Produkcja energii elektrycznej: OZE (w tym elektrownie wodne z cz³onami pompowymi; ³¹cznie ze wspó³spalaniem) (GWh)";2112,9
œwiêtokrzyskie;2021;Moc zainstalowana elektryczna: ogó³em (MW);2209,477
œwiêtokrzyskie;2021;Moc zainstalowana elektryczna: OZE (w tym elektrownie wodne z cz³onami pompowymi) (MW);541,426
œwiêtokrzyskie;2021;Moc osi¹galna elektryczna: ogó³em (MW);2229,171
œwiêtokrzyskie;2021;Moc osi¹galna elektryczna: OZE (w tym elektrownie wodne z cz³onami pompowymi) (MW);536,411
œwiêtokrzyskie;2021;Produkcja energii elektrycznej: ogó³em (GWh);8880,735726
œwiêtokrzyskie;2021;"Produkcja energii elektrycznej: OZE (w tym elektrownie wodne z cz³onami pompowymi; ³¹cznie ze wspó³spalaniem) (GWh)";2290,129252
Œwiêtokrzyskie;2022;Moc zainstalowana elektryczna: ogó³em (MW);2372,13508
Œwiêtokrzyskie;2022;Moc zainstalowana elektryczna: OZE (w tym elektrownie wodne z cz³onami pompowymi) (MW);703,965
Œwiêtokrzyskie;2022;Moc osi¹galna elektryczna: ogó³em (MW);2391,27208
Œwiêtokrzyskie;2022;Moc osi¹galna elektryczna: OZE (w tym elektrownie wodne z cz³onami pompowymi) (MW);698,693
Œwiêtokrzyskie;2022;Produkcja energii elektrycznej: ogó³em (GWh);9787,637602
Œwiêtokrzyskie;2022;"Produkcja energii elektrycznej: OZE (w tym elektrownie wodne z cz³onami pompowymi; ³¹cznie ze wspó³spalaniem) (GWh)";2035,494202
Œwiêtokrzyskie;2023;Moc zainstalowana elektryczna: ogó³em (MW);2210,95156
Œwiêtokrzyskie;2023;Moc zainstalowana elektryczna: OZE (w tym elektrownie wodne z cz³onami pompowymi) (MW);539,947
Œwiêtokrzyskie;2023;Moc osi¹galna elektryczna: ogó³em (MW);2227,66356
Œwiêtokrzyskie;2023;Moc osi¹galna elektryczna: OZE (w tym elektrownie wodne z cz³onami pompowymi) (MW);532,15
Œwiêtokrzyskie;2023;Produkcja energii elektrycznej: ogó³em (GWh);7781,994201
Œwiêtokrzyskie;2023;"Produkcja energii elektrycznej: OZE (w tym elektrownie wodne z cz³onami pompowymi; ³¹cznie ze wspó³spalaniem) (GWh)";2226,806204
warmiñsko-mazurskie;2015;Moc zainstalowana elektryczna: ogó³em (MW);447,692
warmiñsko-mazurskie;2015;Moc zainstalowana elektryczna: OZE (w tym elektrownie wodne z cz³onami pompowymi) (MW);372,49
warmiñsko-mazurskie;2015;Moc osi¹galna elektryczna: ogó³em (MW);436,098
warmiñsko-mazurskie;2015;Moc osi¹galna elektryczna: OZE (w tym elektrownie wodne z cz³onami pompowymi) (MW);370,4
warmiñsko-mazurskie;2015;Produkcja energii elektrycznej: ogó³em (GWh);1146,9556
warmiñsko-mazurskie;2015;"Produkcja energii elektrycznej: OZE (w tym elektrownie wodne z cz³onami pompowymi; ³¹cznie ze wspó³spalaniem) (GWh)";949,64
warmiñsko-mazurskie;2016;Moc zainstalowana elektryczna: ogó³em (MW);469,584
warmiñsko-mazurskie;2016;Moc zainstalowana elektryczna: OZE (w tym elektrownie wodne z cz³onami pompowymi) (MW);394,38
warmiñsko-mazurskie;2016;Moc osi¹galna elektryczna: ogó³em (MW);456,594
warmiñsko-mazurskie;2016;Moc osi¹galna elektryczna: OZE (w tym elektrownie wodne z cz³onami pompowymi) (MW);390,89
warmiñsko-mazurskie;2016;Produkcja energii elektrycznej: ogó³em (GWh);1166,321525
warmiñsko-mazurskie;2016;"Produkcja energii elektrycznej: OZE (w tym elektrownie wodne z cz³onami pompowymi; ³¹cznie ze wspó³spalaniem) (GWh)";975,67
warmiñsko-mazurskie;2017;Moc zainstalowana elektryczna: ogó³em (MW);502,014
warmiñsko-mazurskie;2017;Moc zainstalowana elektryczna: OZE (w tym elektrownie wodne z cz³onami pompowymi) (MW);426,72
warmiñsko-mazurskie;2017;Moc osi¹galna elektryczna: ogó³em (MW);477,341
warmiñsko-mazurskie;2017;Moc osi¹galna elektryczna: OZE (w tym elektrownie wodne z cz³onami pompowymi) (MW);411,55
warmiñsko-mazurskie;2017;Produkcja energii elektrycznej: ogó³em (GWh);1293,334791
warmiñsko-mazurskie;2017;"Produkcja energii elektrycznej: OZE (w tym elektrownie wodne z cz³onami pompowymi; ³¹cznie ze wspó³spalaniem) (GWh)";1127,77
warmiñsko-mazurskie;2018;Moc zainstalowana elektryczna: ogó³em (MW);530,853
warmiñsko-mazurskie;2018;Moc zainstalowana elektryczna: OZE (w tym elektrownie wodne z cz³onami pompowymi) (MW);455,58
warmiñsko-mazurskie;2018;Moc osi¹galna elektryczna: ogó³em (MW);500,45
warmiñsko-mazurskie;2018;Moc osi¹galna elektryczna: OZE (w tym elektrownie wodne z cz³onami pompowymi) (MW);434,68
warmiñsko-mazurskie;2018;Produkcja energii elektrycznej: ogó³em (GWh);1170,184995
warmiñsko-mazurskie;2018;"Produkcja energii elektrycznej: OZE (w tym elektrownie wodne z cz³onami pompowymi; ³¹cznie ze wspó³spalaniem) (GWh)";969,2
warmiñsko-mazurskie;2019;Moc zainstalowana elektryczna: ogó³em (MW);593,138
warmiñsko-mazurskie;2019;Moc zainstalowana elektryczna: OZE (w tym elektrownie wodne z cz³onami pompowymi) (MW);509,3
warmiñsko-mazurskie;2019;Moc osi¹galna elektryczna: ogó³em (MW);571,012
warmiñsko-mazurskie;2019;Moc osi¹galna elektryczna: OZE (w tym elektrownie wodne z cz³onami pompowymi) (MW);499,48
warmiñsko-mazurskie;2019;Produkcja energii elektrycznej: ogó³em (GWh);1525,324288
warmiñsko-mazurskie;2019;"Produkcja energii elektrycznej: OZE (w tym elektrownie wodne z cz³onami pompowymi; ³¹cznie ze wspó³spalaniem) (GWh)";1307,12
warmiñsko-mazurskie;2020;Moc zainstalowana elektryczna: ogó³em (MW);729,14
warmiñsko-mazurskie;2020;Moc zainstalowana elektryczna: OZE (w tym elektrownie wodne z cz³onami pompowymi) (MW);644,94
warmiñsko-mazurskie;2020;Moc osi¹galna elektryczna: ogó³em (MW);675,927
warmiñsko-mazurskie;2020;Moc osi¹galna elektryczna: OZE (w tym elektrownie wodne z cz³onami pompowymi) (MW);635,13
warmiñsko-mazurskie;2020;Produkcja energii elektrycznej: ogó³em (GWh);1485,785434
warmiñsko-mazurskie;2020;"Produkcja energii elektrycznej: OZE (w tym elektrownie wodne z cz³onami pompowymi; ³¹cznie ze wspó³spalaniem) (GWh)";1293,99
warmiñsko-mazurskie;2021;Moc zainstalowana elektryczna: ogó³em (MW);823,334
warmiñsko-mazurskie;2021;Moc zainstalowana elektryczna: OZE (w tym elektrownie wodne z cz³onami pompowymi) (MW);734,135
warmiñsko-mazurskie;2021;Moc osi¹galna elektryczna: ogó³em (MW);764,08
warmiñsko-mazurskie;2021;Moc osi¹galna elektryczna: OZE (w tym elektrownie wodne z cz³onami pompowymi) (MW);722,243
warmiñsko-mazurskie;2021;Produkcja energii elektrycznej: ogó³em (GWh);1665,358033
warmiñsko-mazurskie;2021;"Produkcja energii elektrycznej: OZE (w tym elektrownie wodne z cz³onami pompowymi; ³¹cznie ze wspó³spalaniem) (GWh)";1510,915033
Warmiñsko-Mazurskie;2022;Moc zainstalowana elektryczna: ogó³em (MW);1206,65598
Warmiñsko-Mazurskie;2022;Moc zainstalowana elektryczna: OZE (w tym elektrownie wodne z cz³onami pompowymi) (MW);1117,01
Warmiñsko-Mazurskie;2022;Moc osi¹galna elektryczna: ogó³em (MW);1125,36098
Warmiñsko-Mazurskie;2022;Moc osi¹galna elektryczna: OZE (w tym elektrownie wodne z cz³onami pompowymi) (MW);1099,177
Warmiñsko-Mazurskie;2022;Produkcja energii elektrycznej: ogó³em (GWh);2069,699502
Warmiñsko-Mazurskie;2022;"Produkcja energii elektrycznej: OZE (w tym elektrownie wodne z cz³onami pompowymi; ³¹cznie ze wspó³spalaniem) (GWh)";1978,428602
Warmiñsko-Mazurskie;2023;Moc zainstalowana elektryczna: ogó³em (MW);1552,553
Warmiñsko-Mazurskie;2023;Moc zainstalowana elektryczna: OZE (w tym elektrownie wodne z cz³onami pompowymi) (MW);1513,353
Warmiñsko-Mazurskie;2023;Moc osi¹galna elektryczna: ogó³em (MW);1501,68
Warmiñsko-Mazurskie;2023;Moc osi¹galna elektryczna: OZE (w tym elektrownie wodne z cz³onami pompowymi) (MW);1485,042
Warmiñsko-Mazurskie;2023;Produkcja energii elektrycznej: ogó³em (GWh);2492,093432
Warmiñsko-Mazurskie;2023;"Produkcja energii elektrycznej: OZE (w tym elektrownie wodne z cz³onami pompowymi; ³¹cznie ze wspó³spalaniem) (GWh)";2431,911432
wielkopolskie;2015;Moc zainstalowana elektryczna: ogó³em (MW);3513,241
wielkopolskie;2015;Moc zainstalowana elektryczna: OZE (w tym elektrownie wodne z cz³onami pompowymi) (MW);735,12
wielkopolskie;2015;Moc osi¹galna elektryczna: ogó³em (MW);3463,932
wielkopolskie;2015;Moc osi¹galna elektryczna: OZE (w tym elektrownie wodne z cz³onami pompowymi) (MW);732,31
wielkopolskie;2015;Produkcja energii elektrycznej: ogó³em (GWh);13412,2146
wielkopolskie;2015;"Produkcja energii elektrycznej: OZE (w tym elektrownie wodne z cz³onami pompowymi; ³¹cznie ze wspó³spalaniem) (GWh)";1957,53
wielkopolskie;2016;Moc zainstalowana elektryczna: ogó³em (MW);3653,171
wielkopolskie;2016;Moc zainstalowana elektryczna: OZE (w tym elektrownie wodne z cz³onami pompowymi) (MW);797,63
wielkopolskie;2016;Moc osi¹galna elektryczna: ogó³em (MW);3601,863
wielkopolskie;2016;Moc osi¹galna elektryczna: OZE (w tym elektrownie wodne z cz³onami pompowymi) (MW);794,82
wielkopolskie;2016;Produkcja energii elektrycznej: ogó³em (GWh);12814,39658
wielkopolskie;2016;"Produkcja energii elektrycznej: OZE (w tym elektrownie wodne z cz³onami pompowymi; ³¹cznie ze wspó³spalaniem) (GWh)";1977,19
wielkopolskie;2017;Moc zainstalowana elektryczna: ogó³em (MW);3683,378
wielkopolskie;2017;Moc zainstalowana elektryczna: OZE (w tym elektrownie wodne z cz³onami pompowymi) (MW);804,45
wielkopolskie;2017;Moc osi¹galna elektryczna: ogó³em (MW);3615,405
wielkopolskie;2017;Moc osi¹galna elektryczna: OZE (w tym elektrownie wodne z cz³onami pompowymi) (MW);800,78
wielkopolskie;2017;Produkcja energii elektrycznej: ogó³em (GWh);12321,45103
wielkopolskie;2017;"Produkcja energii elektrycznej: OZE (w tym elektrownie wodne z cz³onami pompowymi; ³¹cznie ze wspó³spalaniem) (GWh)";1816,66
wielkopolskie;2018;Moc zainstalowana elektryczna: ogó³em (MW);3696,751
wielkopolskie;2018;Moc zainstalowana elektryczna: OZE (w tym elektrownie wodne z cz³onami pompowymi) (MW);827,95
wielkopolskie;2018;Moc osi¹galna elektryczna: ogó³em (MW);3028,124
wielkopolskie;2018;Moc osi¹galna elektryczna: OZE (w tym elektrownie wodne z cz³onami pompowymi) (MW);823,06
wielkopolskie;2018;Produkcja energii elektrycznej: ogó³em (GWh);9840,650895
wielkopolskie;2018;"Produkcja energii elektrycznej: OZE (w tym elektrownie wodne z cz³onami pompowymi; ³¹cznie ze wspó³spalaniem) (GWh)";2092,56
wielkopolskie;2019;Moc zainstalowana elektryczna: ogó³em (MW);3823,758
wielkopolskie;2019;Moc zainstalowana elektryczna: OZE (w tym elektrownie wodne z cz³onami pompowymi) (MW);952,76
wielkopolskie;2019;Moc osi¹galna elektryczna: ogó³em (MW);3157,031
wielkopolskie;2019;Moc osi¹galna elektryczna: OZE (w tym elektrownie wodne z cz³onami pompowymi) (MW);948,8
wielkopolskie;2019;Produkcja energii elektrycznej: ogó³em (GWh);9570,475429
wielkopolskie;2019;"Produkcja energii elektrycznej: OZE (w tym elektrownie wodne z cz³onami pompowymi; ³¹cznie ze wspó³spalaniem) (GWh)";2422,93
wielkopolskie;2020;Moc zainstalowana elektryczna: ogó³em (MW);4200,17
wielkopolskie;2020;Moc zainstalowana elektryczna: OZE (w tym elektrownie wodne z cz³onami pompowymi) (MW);1328,42
wielkopolskie;2020;Moc osi¹galna elektryczna: ogó³em (MW);3129,076
wielkopolskie;2020;Moc osi¹galna elektryczna: OZE (w tym elektrownie wodne z cz³onami pompowymi) (MW);1320,09
wielkopolskie;2020;Produkcja energii elektrycznej: ogó³em (GWh);8951,205779
wielkopolskie;2020;"Produkcja energii elektrycznej: OZE (w tym elektrownie wodne z cz³onami pompowymi; ³¹cznie ze wspó³spalaniem) (GWh)";2619,55
wielkopolskie;2021;Moc zainstalowana elektryczna: ogó³em (MW);4172,212
wielkopolskie;2021;Moc zainstalowana elektryczna: OZE (w tym elektrownie wodne z cz³onami pompowymi) (MW);1897,525
wielkopolskie;2021;Moc osi¹galna elektryczna: ogó³em (MW);3448,263
wielkopolskie;2021;Moc osi¹galna elektryczna: OZE (w tym elektrownie wodne z cz³onami pompowymi) (MW);1837,025
wielkopolskie;2021;Produkcja energii elektrycznej: ogó³em (GWh);8921,400392
wielkopolskie;2021;"Produkcja energii elektrycznej: OZE (w tym elektrownie wodne z cz³onami pompowymi; ³¹cznie ze wspó³spalaniem) (GWh)";3047,891128
Wielkopolskie;2022;Moc zainstalowana elektryczna: ogó³em (MW);5045,90502
Wielkopolskie;2022;Moc zainstalowana elektryczna: OZE (w tym elektrownie wodne z cz³onami pompowymi) (MW);2912,829
Wielkopolskie;2022;Moc osi¹galna elektryczna: ogó³em (MW);4290,95502
Wielkopolskie;2022;Moc osi¹galna elektryczna: OZE (w tym elektrownie wodne z cz³onami pompowymi) (MW);2805,111
Wielkopolskie;2022;Produkcja energii elektrycznej: ogó³em (GWh);9056,848465
Wielkopolskie;2022;"Produkcja energii elektrycznej: OZE (w tym elektrownie wodne z cz³onami pompowymi; ³¹cznie ze wspó³spalaniem) (GWh)";4727,345379
Wielkopolskie;2023;Moc zainstalowana elektryczna: ogó³em (MW);6297,71486
Wielkopolskie;2023;Moc zainstalowana elektryczna: OZE (w tym elektrownie wodne z cz³onami pompowymi) (MW);4169,361
Wielkopolskie;2023;Moc osi¹galna elektryczna: ogó³em (MW);5512,57986
Wielkopolskie;2023;Moc osi¹galna elektryczna: OZE (w tym elektrownie wodne z cz³onami pompowymi) (MW);4028,458
Wielkopolskie;2023;Produkcja energii elektrycznej: ogó³em (GWh);9807,665509
Wielkopolskie;2023;"Produkcja energii elektrycznej: OZE (w tym elektrownie wodne z cz³onami pompowymi; ³¹cznie ze wspó³spalaniem) (GWh)";7319,141325
zachodniopomorskie;2015;Moc zainstalowana elektryczna: ogó³em (MW);3166,2
zachodniopomorskie;2015;Moc zainstalowana elektryczna: OZE (w tym elektrownie wodne z cz³onami pompowymi) (MW);1404,77
zachodniopomorskie;2015;Moc osi¹galna elektryczna: ogó³em (MW);3152,802
zachodniopomorskie;2015;Moc osi¹galna elektryczna: OZE (w tym elektrownie wodne z cz³onami pompowymi) (MW);1397,37
zachodniopomorskie;2015;Produkcja energii elektrycznej: ogó³em (GWh);10015,5692
zachodniopomorskie;2015;"Produkcja energii elektrycznej: OZE (w tym elektrownie wodne z cz³onami pompowymi; ³¹cznie ze wspó³spalaniem) (GWh)";3866,08
zachodniopomorskie;2016;Moc zainstalowana elektryczna: ogó³em (MW);3363,233
zachodniopomorskie;2016;Moc zainstalowana elektryczna: OZE (w tym elektrownie wodne z cz³onami pompowymi) (MW);1589,45
zachodniopomorskie;2016;Moc osi¹galna elektryczna: ogó³em (MW);3349,922
zachodniopomorskie;2016;Moc osi¹galna elektryczna: OZE (w tym elektrownie wodne z cz³onami pompowymi) (MW);1582,1
zachodniopomorskie;2016;Produkcja energii elektrycznej: ogó³em (GWh);9354,801746
zachodniopomorskie;2016;"Produkcja energii elektrycznej: OZE (w tym elektrownie wodne z cz³onami pompowymi; ³¹cznie ze wspó³spalaniem) (GWh)";3912,02
zachodniopomorskie;2017;Moc zainstalowana elektryczna: ogó³em (MW);3390,824
zachodniopomorskie;2017;Moc zainstalowana elektryczna: OZE (w tym elektrownie wodne z cz³onami pompowymi) (MW);1617,05
zachodniopomorskie;2017;Moc osi¹galna elektryczna: ogó³em (MW);3368,203
zachodniopomorskie;2017;Moc osi¹galna elektryczna: OZE (w tym elektrownie wodne z cz³onami pompowymi) (MW);1590,38
zachodniopomorskie;2017;Produkcja energii elektrycznej: ogó³em (GWh);9330,669879
zachodniopomorskie;2017;"Produkcja energii elektrycznej: OZE (w tym elektrownie wodne z cz³onami pompowymi; ³¹cznie ze wspó³spalaniem) (GWh)";4459,62
zachodniopomorskie;2018;Moc zainstalowana elektryczna: ogó³em (MW);3443,304
zachodniopomorskie;2018;Moc zainstalowana elektryczna: OZE (w tym elektrownie wodne z cz³onami pompowymi) (MW);1654,38
zachodniopomorskie;2018;Moc osi¹galna elektryczna: ogó³em (MW);3414,207
zachodniopomorskie;2018;Moc osi¹galna elektryczna: OZE (w tym elektrownie wodne z cz³onami pompowymi) (MW);1626,24
zachodniopomorskie;2018;Produkcja energii elektrycznej: ogó³em (GWh);8159,434441
zachodniopomorskie;2018;"Produkcja energii elektrycznej: OZE (w tym elektrownie wodne z cz³onami pompowymi; ³¹cznie ze wspó³spalaniem) (GWh)";3604,78
zachodniopomorskie;2019;Moc zainstalowana elektryczna: ogó³em (MW);3490,359
zachodniopomorskie;2019;Moc zainstalowana elektryczna: OZE (w tym elektrownie wodne z cz³onami pompowymi) (MW);1700,78
zachodniopomorskie;2019;Moc osi¹galna elektryczna: ogó³em (MW);3451,257
zachodniopomorskie;2019;Moc osi¹galna elektryczna: OZE (w tym elektrownie wodne z cz³onami pompowymi) (MW);1669,64
zachodniopomorskie;2019;Produkcja energii elektrycznej: ogó³em (GWh);7912,164338
zachodniopomorskie;2019;"Produkcja energii elektrycznej: OZE (w tym elektrownie wodne z cz³onami pompowymi; ³¹cznie ze wspó³spalaniem) (GWh)";4400,14
zachodniopomorskie;2020;Moc zainstalowana elektryczna: ogó³em (MW);3857,002
zachodniopomorskie;2020;Moc zainstalowana elektryczna: OZE (w tym elektrownie wodne z cz³onami pompowymi) (MW);2067,41
zachodniopomorskie;2020;Moc osi¹galna elektryczna: ogó³em (MW);3810,993
zachodniopomorskie;2020;Moc osi¹galna elektryczna: OZE (w tym elektrownie wodne z cz³onami pompowymi) (MW);2022,35
zachodniopomorskie;2020;Produkcja energii elektrycznej: ogó³em (GWh);8495,741989
zachodniopomorskie;2020;"Produkcja energii elektrycznej: OZE (w tym elektrownie wodne z cz³onami pompowymi; ³¹cznie ze wspó³spalaniem) (GWh)";4973,73
zachodniopomorskie;2021;Moc zainstalowana elektryczna: ogó³em (MW);3589,469
zachodniopomorskie;2021;Moc zainstalowana elektryczna: OZE (w tym elektrownie wodne z cz³onami pompowymi) (MW);2248,45
zachodniopomorskie;2021;Moc osi¹galna elektryczna: ogó³em (MW);3539,482
zachodniopomorskie;2021;Moc osi¹galna elektryczna: OZE (w tym elektrownie wodne z cz³onami pompowymi) (MW);2202,42
zachodniopomorskie;2021;Produkcja energii elektrycznej: ogó³em (GWh);8261,341221
zachodniopomorskie;2021;"Produkcja energii elektrycznej: OZE (w tym elektrownie wodne z cz³onami pompowymi; ³¹cznie ze wspó³spalaniem) (GWh)";4794,973662
Zachodniopomorskie;2022;Moc zainstalowana elektryczna: ogó³em (MW);4368,5097
Zachodniopomorskie;2022;Moc zainstalowana elektryczna: OZE (w tym elektrownie wodne z cz³onami pompowymi) (MW);3025,831
Zachodniopomorskie;2022;Moc osi¹galna elektryczna: ogó³em (MW);4289,1297
Zachodniopomorskie;2022;Moc osi¹galna elektryczna: OZE (w tym elektrownie wodne z cz³onami pompowymi) (MW);2965,208
Zachodniopomorskie;2022;Produkcja energii elektrycznej: ogó³em (GWh);9741,990972
Zachodniopomorskie;2022;"Produkcja energii elektrycznej: OZE (w tym elektrownie wodne z cz³onami pompowymi; ³¹cznie ze wspó³spalaniem) (GWh)";6099,560717
Zachodniopomorskie;2023;Moc zainstalowana elektryczna: ogó³em (MW);4766,2097
Zachodniopomorskie;2023;Moc zainstalowana elektryczna: OZE (w tym elektrownie wodne z cz³onami pompowymi) (MW);3413,214
Zachodniopomorskie;2023;Moc osi¹galna elektryczna: ogó³em (MW);4678,9727
Zachodniopomorskie;2023;Moc osi¹galna elektryczna: OZE (w tym elektrownie wodne z cz³onami pompowymi) (MW);3346,434
Zachodniopomorskie;2023;Produkcja energii elektrycznej: ogó³em (GWh);10394,90596
Zachodniopomorskie;2023;"Produkcja energii elektrycznej: OZE (w tym elektrownie wodne z cz³onami pompowymi; ³¹cznie ze wspó³spalaniem) (GWh)";7272,874084
